language,reference,prediction,corrected
sei,"tacs pac ihpoomjc, zixquisiil caaamam ticom cohsamcaatxi haa hi.",danke fГјr das video. ich wГјnsche ihnen viel spaГҹ und guten tag.,danke fГјr a! video. ih wГјnsche iteen siml apa an guten taa.
sei,hapaspoj hanoocaj ihyaa coi hapaspoj cГ¶hacoaatim quih ano yaii cap contihyoozi.,"apazpoch anukkah hiyakuy, apazpoch va guatim ki anu yayi kapkundiyoshi.","apazpoch anukkah hiyakuy, apazpoch aa guatim ai an yaai kapkundiyoshi."
sei,hastixp hast coiimaj cГ¶yamtxГ¶.,бһҚбҹ’бҹ’бҹ’бҹ’бҹ’бҹ’бҹ’бҹ’бҹ’бҹ’бҹ’бҹ’бҹ’бҹ’бҹ’бҹ’бҹ’бҹ’бҹ’бҹ’бҹ’бҹ’бҹ’бҹ’бҹ’бҹ’бҹ’бҹ’бҹ’бҹ’бҹ’бҹ’бҹ’бҹ’бҹ’бҹ’бҹ’бҹ’бҹ’бҹ’бҹ’пҝҪ,бһҚбҹ’бҹ’бҹ’бҹ’бҹ’бҹ’бҹ’бҹ’бҹ’бҹ’бҹ’бҹ’бҹ’бҹ’бҹ’бҹ’бҹ’бҹ’бҹ’бҹ’бҹ’бҹ’бҹ’бҹ’бҹ’бҹ’бҹ’бҹ’бҹ’бҹ’бҹ’бҹ’бҹ’бҹ’бҹ’бҹ’бҹ’бҹ’бҹ’бҹ’бҹ’пҝҪ
sei,"icoos queejim zo hpaai, mimoz ma hsameetot haa hi.",аӨҮаӨёаҘҚаӨҹаҘҚаӨҹаҘҚаӨҹаҘҚаӨҹаҘҚаӨҹаҘҚаӨҹаҘҚаӨҹаҘҚаӨҹаҘҚаӨҹаҘҚаӨҹаҘҚаӨҹаҘҚаӨҹаҘҚаӨҹаҘҚаӨҹаҘҚаӨҹаҘҚаӨҹаҘҚаӨҹаҘҚаӨҹаҘҚаӨҹаҘҚаӨҹаҘҚаӨҹаҘҚаӨҹаҘҚаӨҹаҘҚаӨҹаҘҚаӨҹаҘҚаӨҹаҘҚаӨҹаҘҚаӨҹаҘҚаӨҹаҘҚаӨҹаҘҚаӨҹаҘҚаӨҹаҘҚаӨҹаҘҚаӨҹаҘҚаӨҹаҘҚаӨҹаҘҚаӨҹаҘҚаӨҹаҘҚаӨҹаҘҚаӨҹаҘҚаӨҹаҘҚпҝҪ,аӨҮаӨёаҘҚаӨҹаҘҚаӨҹаҘҚаӨҹаҘҚаӨҹаҘҚаӨҹаҘҚаӨҹаҘҚаӨҹаҘҚаӨҹаҘҚаӨҹаҘҚаӨҹаҘҚаӨҹаҘҚаӨҹаҘҚаӨҹаҘҚаӨҹаҘҚаӨҹаҘҚаӨҹаҘҚаӨҹаҘҚаӨҹаҘҚаӨҹаҘҚаӨҹаҘҚаӨҹаҘҚаӨҹаҘҚаӨҹаҘҚаӨҹаҘҚаӨҹаҘҚаӨҹаҘҚаӨҹаҘҚаӨҹаҘҚаӨҹаҘҚаӨҹаҘҚаӨҹаҘҚаӨҹаҘҚаӨҹаҘҚаӨҹаҘҚаӨҹаҘҚаӨҹаҘҚаӨҹаҘҚаӨҹаҘҚаӨҹаҘҚаӨҹаҘҚаӨҹаҘҚпҝҪ
sei,hameen tahac ziix quih iic cГ¶hiqueepe quih zaah quih miitxo.,ЧҗЧһЧЁЧҹ Ч“Ч§ Ч©ЧҷЧҡ Ч’ЧҷЧ‘Ч’ Ч©ЧўЧ’ ЧҷЧһЧҷЧ“ Ч—Ч•.,ЧҗЧһЧЁЧҹ a! Ч©ЧҷЧҡ Ч’ЧҷЧ‘Ч’ Ч©ЧўЧ’ ЧҷЧһЧҷЧ“ ha.
sei,haas quih cacooi quih pac iime.,"asche, c'ha coi che pacchiamme!","asche, caha coi he pacchiamme!"
sei,hamaax quih isaroocot aha.,бғҳ бғҳ бғҳ бғҳ бғҳ бғҳ бғҳ бғҳ бғҳ бғҳ бғҳ бғҳ бғҳ бғҳ бғҳ бғҳ бғҳ бғҳ бғҳ бғҳ бғҳ бғҳ бғҳ бғҳ бғҳ бғҳ бғҳ бғҳ бғҳ бғҳ бғҳ бғҳ бғҳ бғҳ бғҳ бғҳ бғҳ бғҳ бғҳ бғҳ бғҳ бғҳ пҝҪ,z z z z z z z z z z z z z z z z z z z z z z z z z z z z z z z z z z z z z z z z z z z
sei,"icaaspolca coi hax ptino yafin caha, hax zo haa xah toom ma, hmexl.",бёҚбёҚбёҚбёҚбёҚбёҚбёҚбёҚбёҚбёҚбёҚбёҚбёҚбёҚбёҚбёҚбёҚбёҚбёҚбёҚбёҚбёҚбёҚбёҚбёҚбёҚбёҚбёҚбёҚбёҚбёҚбёҚбёҚбёҚбёҚбёҚбёҚбёҚбёҚбёҚбёҚбёҚпҝҪ,бёҚбёҚбёҚбёҚбёҚбёҚбёҚбёҚбёҚбёҚбёҚбёҚбёҚбёҚбёҚбёҚбёҚбёҚбёҚбёҚбёҚбёҚбёҚбёҚбёҚбёҚбёҚбёҚбёҚбёҚбёҚбёҚбёҚбёҚбёҚбёҚбёҚбёҚбёҚбёҚбёҚбёҚпҝҪ
sei,canoaa com cГ¶mihaai hac minzaai cohmizj.,con mi ah ya mi ensay con,coi ai ah aa ai ensay coi
sei,"hantx moma tax, zixcГЎm quih yootxo xo cmaax ox tompacta ho.",ДҒngkha mЕҚ mДҒdakh shikam gi yЕҚt chЕҚku mДҒ chЕҚch tЕҚm bak tДҒu.,ДҒngkha ma mДҒdakh shikam ai it chЕҚku ma chЕҚch tom a! taa.
sei,"zixquisiil quih oyacj quih ititjГ¶ ma, yeenj.",бёҚбҹ’бҹ’бҹ’бҹ’бҹ’бҹ’бҹ’бҹ’бҹ’бҹ’бҹ’бҹ’бҹ’бҹ’бҹ’бҹ’бҹ’бҹ’бҹ’бҹ’бҹ’бҹ’бҹ’бҹ’бҹ’бҹ’бҹ’бҹ’бҹ’бҹ’бҹ’бҹ’бҹ’бҹ’бҹ’бҹ’бҹ’бҹ’бҹ’бҹ’бҹ’пҝҪ,бёҚбҹ’бҹ’бҹ’бҹ’бҹ’бҹ’бҹ’бҹ’бҹ’бҹ’бҹ’бҹ’бҹ’бҹ’бҹ’бҹ’бҹ’бҹ’бҹ’бҹ’бҹ’бҹ’бҹ’бҹ’бҹ’бҹ’бҹ’бҹ’бҹ’бҹ’бҹ’бҹ’бҹ’бҹ’бҹ’бҹ’бҹ’бҹ’бҹ’бҹ’бҹ’пҝҪ
sei,"haaco zo htyaa, mos canoaa zo hnyaa.","ako, schottia, muskanua, schotnia.","ano schottia, muskanua, schotnia."
sei,Вҝsiip ticop haptco timas?,slip stitch of up to the last stitch,siip stitch oo a! ito he hast stitch
sei,saa ha tamoz ihiha ГЎa xac.,ЧЎЧўЧӘ Ч”ЧһЧ•Ч©Чҷ ЧҗЧҷ ЧҗЧ—ЧӘ,ЧЎЧўЧӘ Ч”ЧһЧ•Ч©Чҷ a! ЧҗЧ—ЧӘ
sei,zaah hipcap hoocala cГ¶saanim caha.,sa ip ko ok sa ksandim ka,aa ih oo oo aa ksandim aa
sei,"eenm an icaaspoj ihyaa cah hiti tpaso ma, he tiix cГ¶saasot caha.",en mГӨ nii kГӨs puhjaaka ittiit vasuma et tiiik saas soittaa.,an ma ai cos puhjaaka imiit vasuma ee hiiix haas soittaa.
sei,ВЎcГ¶ihiihat quih hino camx!,kui et ki inou kam.,ai ee ai inol aamo
sei,cohsahita haa hi.,гҒ“гҒЈгҒқгҒ„гҒЈгҒҹгғјгҒӮгҒ„,гҒ“гҒЈгҒқгҒ„гҒЈгҒҹгғјгҒӮгҒ„
sei,hehe hascГЎm quij hesen coi cГ¶ihahasjoj imiiix.,бёҚбөғбөғбөғбөғбөғбөғбөғбөғбөғбөғбөғбөғбөғбөғбөғбөғбөғбөғбөғбөғбөғбөғбөғбөғбөғбөғбөғбөғбөғбөғбөғбөғбөғбөғбөғбөғбөғбөғбөғбөғбөғпҝҪ,бёҚбөғбөғбөғбөғбөғбөғбөғбөғбөғбөғбөғбөғбөғбөғбөғбөғбөғбөғбөғбөғбөғбөғбөғбөғбөғбөғбөғбөғбөғбөғбөғбөғбөғбөғбөғбөғбөғбөғбөғбөғбөғпҝҪ
sei,ВҝzГӯmjГ¶c pti tihiicx?,Ч©ЧһЧ•Ч§ ЧҳЧҷЧӨЧҷ ЧўЧҷЧ’,Ч©ЧһЧ•Ч§ ЧҳЧҷЧӨЧҷ ЧўЧҷЧ’
sei,zo?,shoo!,hoox
sei,ВЎhiza hiizc!,isГӨ isk.,is iha.
sei,"hant an icocoho ihapooin quih hanso toalali ma, cohyopooin.",anta ni ko ko ay apoy ngi ang sotuan lalima ko yopoy.,antГЎ ai oo oo a! ano ai an sotuan lalima oo yoop.
sei,tiix sahoocj ca teeme.,ЧӘЧӣЧЎЧ” ЧўЧ•Ч§ ЧӣЧӘЧқ ЧһЧҷ.,ЧӘЧӣЧЎЧ” ЧўЧ•Ч§ ЧӣЧӘЧқ ha.
sei,"hax ihoopatj cah canoaa com tpamiz ma, hamiixant.",achio-pathika kanuagum pammismah amichanti.,achio-pathika kanuagum pammismah amichanti.
sei,hanso moopol.,"ansoumou, pours.","ansoumou, pours."
sei,"comcaac ctamcГ¶ coi haa toii ma, pte itacГіyetol, iicp ityai ma, hans ihamoc imquГ©s.",а¶…а¶ҙа·’ а¶Ҝа·җа¶ұа·Ҡа¶ұа·Ҡа¶ұа·Ҡа¶ұа·Ҡа¶ұа·Ҡа¶ұа·Ҡа¶ұа·Ҡа¶ұа·Ҡа¶ұа·Ҡа¶ұа·Ҡа¶ұа·Ҡа¶ұа·Ҡа¶ұа·Ҡа¶ұа·Ҡа¶ұа·Ҡа¶ұа·Ҡа¶ұа·Ҡа¶ұа·Ҡа¶ұа·Ҡа¶ұа·Ҡа¶ұа·Ҡа¶ұа·Ҡа¶ұа·Ҡа¶ұа·Ҡа¶ұа·Ҡа¶ұа·Ҡа¶ұа·Ҡа¶ұа·Ҡа¶ұа·Ҡа¶ұ,а¶…а¶ҙа·’ а¶Ҝа·җа¶ұа·Ҡа¶ұа·Ҡа¶ұа·Ҡа¶ұа·Ҡа¶ұа·Ҡа¶ұа·Ҡа¶ұа·Ҡа¶ұа·Ҡа¶ұа·Ҡа¶ұа·Ҡа¶ұа·Ҡа¶ұа·Ҡа¶ұа·Ҡа¶ұа·Ҡа¶ұа·Ҡа¶ұа·Ҡа¶ұа·Ҡа¶ұа·Ҡа¶ұа·Ҡа¶ұа·Ҡа¶ұа·Ҡа¶ұа·Ҡа¶ұа·Ҡа¶ұа·Ҡа¶ұа·Ҡа¶ұа·Ҡа¶ұа·Ҡа¶ұа·Ҡа¶ұа·Ҡа¶ұ
sei,matoj coi cГ¶mascommimjГ¶c aha.,"matГі, cuГӯ, mas conmigo con am.","ma, cuГӯ, ma conmigo coi a!"
sei,ziix xepe an hant coiitim com hapx yajГ¶z.,zich heb je allen goeieding om af juist.,ih he ee allen goeieding com a! juist.
sei,"hap inaail quih itacaaitic, haat ixaai coi ano cГ¶itjiit, iyaheel.",бёҚ'бөғ б¶ңбөғ б¶ңбөғ б¶ңбөғ б¶ңбөғ б¶ңбөғ б¶ңбөғ б¶ңбөғ б¶ңбөғ б¶ңбөғ б¶ңбөғ б¶ңбөғ б¶ңбөғ б¶ңбөғ б¶ңбөғ б¶ңбөғ б¶ңбөғ б¶ңбөғ б¶ңбөғ б¶ңбөғ б¶ңбөғ пҝҪ,бёҚ'бөғ a! a! a! a! a! a! a! a! a! a! a! a! a! a! a! a! a! a! a! a! z
sei,haso quih haa ihaaco quih hoopatj cop hanso iyamГЎpojquim.,бёҚбҹ’бҹ’бҹ’бҹ’бҹ’бҹ’бҹ’бҹ’бҹ’бҹ’бҹ’бҹ’бҹ’бҹ’бҹ’бҹ’бҹ’бҹ’бҹ’бҹ’бҹ’бҹ’бҹ’бҹ’бҹ’бҹ’бҹ’бҹ’бҹ’бҹ’бҹ’бҹ’бҹ’бҹ’бҹ’бҹ’бҹ’бҹ’бҹ’бҹ’бҹ’пҝҪ,бёҚбҹ’бҹ’бҹ’бҹ’бҹ’бҹ’бҹ’бҹ’бҹ’бҹ’бҹ’бҹ’бҹ’бҹ’бҹ’бҹ’бҹ’бҹ’бҹ’бҹ’бҹ’бҹ’бҹ’бҹ’бҹ’бҹ’бҹ’бҹ’бҹ’бҹ’бҹ’бҹ’бҹ’бҹ’бҹ’бҹ’бҹ’бҹ’бҹ’бҹ’бҹ’пҝҪ
sei,"xapoo timoca cГ¶popeemetx, seesen caha.","Ч—Ч‘Ч•ЧЁ ЧӘЧһЧ•Ч’ЧЁ Ч‘Ч• Ч‘ЧһЧ”ЧҳЧ—, Ч©ЧЎЧҷЧ Ч’Ч”","Ч—Ч‘Ч•ЧЁ ЧӘЧһЧ•Ч’ЧЁ a! Ч‘ЧһЧ”ЧҳЧ—, Ч©ЧЎЧҷЧ Ч’Ч”"
sei,hax cop cahcniiix iha.,"ach, koe, kakneeg, ja.","ah koe, kakneeg, ha."
sei,"trooqui hantx moca quih ihapoiinim quih iti tap ma x, cГ¶tahpoiinim ma x, yiisaxim.",бёҚбёҚбёҚбёҚбёҚбёҚбёҚбёҚбёҚбёҚбёҚбёҚбёҚбёҚбёҚбёҚбёҚбёҚбёҚбёҚбёҚбёҚбёҚбёҚбёҚбёҚбёҚбёҚбёҚбёҚбёҚбёҚбёҚбёҚбёҚбёҚбёҚбёҚбёҚбёҚбёҚбёҚпҝҪ,бёҚбёҚбёҚбёҚбёҚбёҚбёҚбёҚбёҚбёҚбёҚбёҚбёҚбёҚбёҚбёҚбёҚбёҚбёҚбёҚбёҚбёҚбёҚбёҚбёҚбёҚбёҚбёҚбёҚбёҚбёҚбёҚбёҚбёҚбёҚбёҚбёҚбёҚбёҚбёҚбёҚбёҚпҝҪ
sei,"hant isiijim quih haacГ¶t pac hant itjeaatim, yoocyo.",an di sihingi aqd bak an di piyadim yogio.,an ai sihingi a! a! an ai piyadim yoiis.
sei,iyonГӯpatim.,ihr nehmt baden.,ih nehmt baden.
sei,"tom icocosot, taax haptco coopot iha.",бёҚ бёҚ бёҚ бёҚ бёҚ бёҚ бёҚ бёҚ бёҚ бёҚ бёҚ бёҚ бёҚ бёҚ бёҚ бёҚ бёҚ бёҚ бёҚ бёҚ бёҚ бёҚ бёҚ бёҚ бёҚ бёҚ бёҚ бёҚ бёҚ бёҚ бёҚ бёҚ бёҚ бёҚ бёҚ бёҚ бёҚ бёҚ бёҚ бёҚ бёҚ бёҚ пҝҪ,z z z z z z z z z z z z z z z z z z z z z z z z z z z z z z z z z z z z z z z z z z z
sei,hast ihmeefelim.,Ш§ШөШҜЫҢЩ… Щ…ЫҢЩҒЫҒЩ„ЫҢЩ…,Ш§ШөШҜЫҢЩ… Щ…ЫҢЩҒЫҒЩ„ЫҢЩ…
sei,"ziix ipxasi cmiipla zo hpoohit ta x, hiiqui saa aha.",je vais y passer.,ee ai z passer.
sei,hant miisaquim ihmiimzo.,and mesa kwa mimshu.,an aasa aa mimshu.
sei,"hap ipxasi quih htahit ma x, hamatj him xaaxit.",бёҚбҹ’бҹ’бҹ’бҹ’бҹ’бҹ’бҹ’бҹ’бҹ’бҹ’бҹ’бҹ’бҹ’бҹ’бҹ’бҹ’бҹ’бҹ’бҹ’бҹ’бҹ’бҹ’бҹ’бҹ’бҹ’бҹ’бҹ’бҹ’бҹ’бҹ’бҹ’бҹ’бҹ’бҹ’бҹ’бҹ’бҹ’бҹ’бҹ’бҹ’бҹ’пҝҪ,бёҚбҹ’бҹ’бҹ’бҹ’бҹ’бҹ’бҹ’бҹ’бҹ’бҹ’бҹ’бҹ’бҹ’бҹ’бҹ’бҹ’бҹ’бҹ’бҹ’бҹ’бҹ’бҹ’бҹ’бҹ’бҹ’бҹ’бҹ’бҹ’бҹ’бҹ’бҹ’бҹ’бҹ’бҹ’бҹ’бҹ’бҹ’бҹ’бҹ’бҹ’бҹ’пҝҪ
sei,"hant cmizj com iti toii, ziix coqueht ptiiqui hant iyamaasilcoj.","y no se puede hacer nada, no se puede hacer nada.","z ano ee puede hac aapa, ano ee puede hac aha."
sei,hisoj ihsaazj haa hi.,this is how he says hi.,hi. is ho. he haas hi.
sei,"ziix hapahit quih anxГ¶ me hpaahitim, mazi hsacaapxom aha.",Ч©ЧҷЧ—Ч” Ч‘ЧўЧӘ ЧҷЧўЧ Ч• ЧһЧ” Ч‘ЧўЧӘЧҷЧқ ЧһЧ” Ч©ЧўЧ©Ч” ЧӣЧ” ЧӨЧЁЧ•Ч ЧўЧ”,Ч©ЧҷЧ—Ч” Ч‘ЧўЧӘ ЧҷЧўЧ Ч• a! Ч‘ЧўЧӘЧҷЧқ a! Ч©ЧўЧ©Ч” a! ЧӨЧЁЧ•Ч ЧўЧ”
sei,mipac hac hapx cohpsiip aha.,"mais pas Г  gaffe, c'est pas...","ai pac z gaffe, cmeet pas..."
sei,"xojГЎt hapГ©c quih hehe z iti mota, coocp iha.",ПҮОҝПҮОұ П„Оұ ПҖОӯОәОәО· ОӯПғП…П„О· ОјОҝП„ОұОәПҢОәПҖО№Оұ,ПҮОҝПҮОұ a! ПҖОӯОәОәО· ОӯПғП…П„О· ОјОҝП„ОұОәПҢОәПҖО№Оұ
sei,"ctam ticop ilГӯt quij iti anxГ¶ taa ma, haait quih isoj cap hant cГ¶yoop.",бёҚб№ӯб№ӯб№ӯб№ӯб№ӯб№ӯб№ӯб№ӯб№ӯб№ӯб№ӯб№ӯб№ӯб№ӯб№ӯб№ӯб№ӯб№ӯб№ӯб№ӯб№ӯб№ӯб№ӯб№ӯб№ӯб№ӯб№ӯб№ӯб№ӯб№ӯб№ӯб№ӯб№ӯб№ӯб№ӯб№ӯб№ӯб№ӯб№ӯб№ӯб№ӯб№ӯб№ӯб№ӯб№ӯб№ӯб№ӯб№ӯб№ӯб№ӯб№ӯб№ӯб№ӯб№ӯб№ӯб№ӯб№ӯб№ӯб№ӯб№ӯб№ӯб№ӯпҝҪ,бёҚб№ӯб№ӯб№ӯб№ӯб№ӯб№ӯб№ӯб№ӯб№ӯб№ӯб№ӯб№ӯб№ӯб№ӯб№ӯб№ӯб№ӯб№ӯб№ӯб№ӯб№ӯб№ӯб№ӯб№ӯб№ӯб№ӯб№ӯб№ӯб№ӯб№ӯб№ӯб№ӯб№ӯб№ӯб№ӯб№ӯб№ӯб№ӯб№ӯб№ӯб№ӯб№ӯб№ӯб№ӯб№ӯб№ӯб№ӯб№ӯб№ӯб№ӯб№ӯб№ӯб№ӯб№ӯб№ӯб№ӯб№ӯб№ӯб№ӯб№ӯб№ӯб№ӯпҝҪ
sei,"cmiipla ha yax, himo hmiicatx.",ЧӣЧһЧ• Ч”ЧӨЧЎЧўЧ” Ч”ЧҷЧ— ЧўЧһЧ• Чһ-4,ЧӣЧһЧ• Ч”ЧӨЧЎЧўЧ” Ч”ЧҷЧ— ЧўЧһЧ• Чһ-4
sei,hataai imooxi zo hyexl.,atГЎ y imГіjes o viejos.,antГЎ z imГіjes oo viejos.
sei,toii nt hizi moozi.,to in is emotion.,ito an is emotion.
sei,zixcГЎm caacoj com hax cГ¶yiin oo.,"СҒРёС… СӮР°Рј РәР°Рә СғС…РәРҫРј, Р°С…, РҝСҢРөРҪРҫ!","СҒРёС… СӮР°Рј РәР°Рә СғС…РәРҫРј, ha, РҝСҢРөРҪРҫ!"
sei,cmaax mos icaaitom ihmaa zo he szaxГ¶ caha.,con amor y caГӯdo en marzo y chГЎjo caa.,coi aamo z caГӯdo an marГӯa z chГЎjo caap
sei,quisiil ctam quih poosj cheel ih iyoaaf.,que si es tan que vos que si y yo a y yo a,ee ai ee an ee cos ee ai z oo a! z oo a!
sei,"taax iicp hac itzaxГ¶, ox mee.",ХӨХЎХӯХ«Ц„ ХәХЎХҜ Х«Х№ХЎХ°ХёХІХҙ Х§.,ХӨХЎХӯХ«Ц„ ХәХЎХҜ Х«Х№ХЎХ°ХёХІХҙ x.
sei,zaaj hac sahoosit caha.,"Ч©Ч—Ч§, ЧЎЧўЧ•ЧЎ, ЧЎЧӘЧӣЧӘ","Ч©Ч—Ч§, ЧЎЧўЧ•ЧЎ, ЧЎЧӘЧӣЧӘ"
sei,hapaspoj iquiimot quih cohsaactim aha.,бёҚбёҚбёҚбёҚбёҚбёҚбёҚбёҚбёҚбёҚбёҚбёҚбёҚбёҚбёҚбёҚбёҚбёҚбёҚбёҚбёҚбёҚбёҚбёҚбёҚбёҚбёҚбёҚбёҚбёҚбёҚбёҚбёҚбёҚбёҚбёҚбёҚбёҚбёҚбёҚбёҚбёҚпҝҪ,бёҚбёҚбёҚбёҚбёҚбёҚбёҚбёҚбёҚбёҚбёҚбёҚбёҚбёҚбёҚбёҚбёҚбёҚбёҚбёҚбёҚбёҚбёҚбёҚбёҚбёҚбёҚбёҚбёҚбёҚбёҚбёҚбёҚбёҚбёҚбёҚбёҚбёҚбёҚбёҚбёҚбёҚпҝҪ
sei,"hixiiha quih ctam tiquij hamaax cГ¶itaas, itamozimet ma, hita iisax yoheemt.",ehe a kik tam di kik amakh kuitas ita mozimet ma ita isach yoemt.,ee a! ai ctam ai ai amakh kuitas ata mozimet ma ata ipac yoheemt.
sei,me iicp he caticpan iha.,аӨ®аҘҲаӨӮ аӨ№аҘҖ аӨҸаӨ• аӨ…аӨҹаӨҝаӨ• аӨӘаӨЁаӨҝаӨҜаӨҫ,аӨ®аҘҲаӨӮ a! a! аӨ…аӨҹаӨҝаӨ• аӨӘаӨЁаӨҝаӨҜаӨҫ
sei,"hax cГ¶mooca cap xiica an icaai coi cГ¶paas ta, cmaax insiisi aha.",бёҚбёҚбёҚбёҚбёҚбёҚбёҚбёҚбёҚбёҚбёҚбёҚбёҚбёҚбёҚбёҚбёҚбёҚбёҚбёҚбёҚбёҚбёҚбёҚбёҚбёҚбёҚбёҚбёҚбёҚбёҚбёҚбёҚбёҚбёҚбёҚбёҚбёҚбёҚбёҚбёҚбёҚпҝҪ,бёҚбёҚбёҚбёҚбёҚбёҚбёҚбёҚбёҚбёҚбёҚбёҚбёҚбёҚбёҚбёҚбёҚбёҚбёҚбёҚбёҚбёҚбёҚбёҚбёҚбёҚбёҚбёҚбёҚбёҚбёҚбёҚбёҚбёҚбёҚбёҚбёҚбёҚбёҚбёҚбёҚбёҚпҝҪ
sei,ziix canaao quih zixquisiil quih ipac iyaao.,ser canal que ser que si es que y paguy a un,ee aal ee ee ee ai ee ee z paguy a! an
sei,he hasoj hin yomqueesnij.,y eso y no,z ano z ano
sei,"zixquisiil tintica hant sahjiit taa ma, caazi tintica iiqui tpanzx, iyexl.",бёҚбёҚбёҚбёҚбёҚбёҚбёҚбёҚбёҚбёҚбёҚбёҚбёҚбёҚбёҚбёҚбёҚбёҚбёҚбёҚбёҚбёҚбёҚбёҚбёҚбёҚбёҚбёҚбёҚбёҚбёҚбёҚбёҚбёҚбёҚбёҚбёҚбёҚбёҚбёҚбёҚбёҚпҝҪ,бёҚбёҚбёҚбёҚбёҚбёҚбёҚбёҚбёҚбёҚбёҚбёҚбёҚбёҚбёҚбёҚбёҚбёҚбёҚбёҚбёҚбёҚбёҚбёҚбёҚбёҚбёҚбёҚбёҚбёҚбёҚбёҚбёҚбёҚбёҚбёҚбёҚбёҚбёҚбёҚбёҚбёҚпҝҪ
sei,pedro quih hin yasxeenot.,pedro que ignace enote.,pedro ee ignace enote.
sei,"xiica iti icoiitoj coi tcooo, hehe iti icoohitim com compatjc.",бёҚбҹ’бҹ’бҹ’бҹ’бҹ’бҹ’бҹ’бҹ’бҹ’бҹ’бҹ’бҹ’бҹ’бҹ’бҹ’бҹ’бҹ’бҹ’бҹ’бҹ’бҹ’бҹ’бҹ’бҹ’бҹ’бҹ’бҹ’бҹ’бҹ’бҹ’бҹ’бҹ’бҹ’бҹ’бҹ’бҹ’бҹ’бҹ’бҹ’бҹ’бҹ’пҝҪ,бёҚбҹ’бҹ’бҹ’бҹ’бҹ’бҹ’бҹ’бҹ’бҹ’бҹ’бҹ’бҹ’бҹ’бҹ’бҹ’бҹ’бҹ’бҹ’бҹ’бҹ’бҹ’бҹ’бҹ’бҹ’бҹ’бҹ’бҹ’бҹ’бҹ’бҹ’бҹ’бҹ’бҹ’бҹ’бҹ’бҹ’бҹ’бҹ’бҹ’бҹ’бҹ’пҝҪ
sei,cmaam quij hehe iti icoohitim com cacoxl iha.,бёҚwДҒm бёҚwДҒm бёҚgД« бёҚДҒti бёҚgЕҚКғ Кҝitim бёҚgДҒgЕҚКғ lia.,бёҚwДҒm бёҚwДҒm бёҚgД« hiti бёҚgЕҚКғ hiti бёҚgДҒgЕҚКғ aha.
sei,ВЎzixcГЎm cpitol com himo cГЎcatx!,Ч©Ч—Ч§ЧЁ ЧһЧ§ЧӨЧҷ ЧӘЧ•Ч©Ч§Ч•Чқ ЧўЧқ ЧһЧ•ЧЁЧ’Ч§ЧӘ.,Ч©Ч—Ч§ЧЁ ЧһЧ§ЧӨЧҷ ЧӘЧ•Ч©Ч§Ч•Чқ a! ЧһЧ•ЧЁЧ’Ч§ЧӘ.
sei,anxГ¶ hin yoaal.,ankh inyuaas,ah inyaao
sei,Вҝisal haaya?,РёСҒР°Р¶. Р° СҸ.,РёСҒР°Р¶. z x.
sei,canoaa hipcom yazaainim quih iiqui yihizj.,РәР°РҪСғР° Рё РұРәРҫРј СҸСҒР°Р№РҪСӢРј РәРё-РәРё Рё РҙРё-Рё-РёСҒСӢС….,РәР°РҪСғР° z РұРәРҫРј СҸСҒР°Р№РҪСӢРј РәРё-РәРё z РҙРё-Рё-РёСҒСӢС….
sei,"zacaam cop spaspoj taa ma, xicaquiziil ctamcГ¶ tacoi itzaxГ¶t ma, yoosim.",бёҚбёҚбёҚбёҚбёҚбёҚбёҚбёҚбёҚбёҚбёҚбёҚбёҚбёҚбёҚбёҚбёҚбёҚбёҚбёҚбёҚбёҚбёҚбёҚбёҚбёҚбёҚбёҚбёҚбёҚбёҚбёҚбёҚбёҚбёҚбёҚбёҚбёҚбёҚбёҚбёҚбёҚпҝҪ,бёҚбёҚбёҚбёҚбёҚбёҚбёҚбёҚбёҚбёҚбёҚбёҚбёҚбёҚбёҚбёҚбёҚбёҚбёҚбёҚбёҚбёҚбёҚбёҚбёҚбёҚбёҚбёҚбёҚбёҚбёҚбёҚбёҚбёҚбёҚбёҚбёҚбёҚбёҚбёҚбёҚбёҚпҝҪ
sei,cmajiic coi xicaquiziil coi imanooczilca.,kuma hikku ehikaga sild kui manoksilga.,ma hikku ehikaga siij ai manoksilga.
sei,Вҝitqueefz?,ОөОҜП„Оө ОәОұОҜПҒОөПӮ.,ОөОҜП„Оө ОәОұОҜПҒОөПӮ.
sei,ma hsnazquim aha.,masz naszki ma.,aasa naszki ma.
sei,"xapoo com tooxi, hant yaait xo ixaap tapxa ma, cmaax yomapcГ¶.",бёҚ бёҚ бёҚ бёҚ бёҚ бёҚ бёҚ бёҚ бёҚ бёҚ бёҚ бёҚ бёҚ бёҚ бёҚ бёҚ бёҚ бёҚ бёҚ бёҚ бёҚ бёҚ бёҚ бёҚ бёҚ бёҚ бёҚ бёҚ бёҚ бёҚ бёҚ бёҚ бёҚ бёҚ бёҚ бёҚ бёҚ бёҚ бёҚ бёҚ бёҚ бёҚ пҝҪ,z z z z z z z z z z z z z z z z z z z z z z z z z z z z z z z z z z z z z z z z z z z
sei,moxima quih hpyaapa.,ОјОҝПҮОөОјО¬ОәО№ О· ПҖО№О¬ПҖОұ.,ОјОҝПҮОөОјО¬ОәО№ z ПҖО№О¬ПҖОұ.
sei,Вҝcanoaa ihanaxz quih canoaa com coox contaquesx?,canua y anarch como canua como cor con taquesa,caama z anarch com caama com coi coi taquesa
sei,me yaniiqui nsoohitim aha.,me llani quiso y timah,me llani quiso z ticap
sei,siip quih zacaam quij ito cГ¶iyapamas.,а¶ҡа·Ҡа¶ұа·Ҡа¶ұа·Ҡа¶ұа·Ҡа¶ұа·Ҡа¶ұа·Ҡа¶ұа·Ҡа¶ұа·Ҡа¶ұа·Ҡа¶ұа·Ҡа¶ұа·Ҡа¶ұа·Ҡа¶ұа·Ҡа¶ұа·Ҡа¶ұа·Ҡа¶ұа·Ҡа¶ұа·Ҡа¶ұа·Ҡа¶ұа·Ҡа¶ұа·Ҡа¶ұа·Ҡа¶ұа·Ҡа¶ұа·Ҡа¶ұа·Ҡа¶ұа·Ҡа¶ұа·Ҡа¶ұа·Ҡа¶ұа·Ҡа¶ұа·Ҡа¶ұа·Ҡа¶ұа·Ҡа¶ұа·Ҡ,а¶ҡа·Ҡа¶ұа·Ҡа¶ұа·Ҡа¶ұа·Ҡа¶ұа·Ҡа¶ұа·Ҡа¶ұа·Ҡа¶ұа·Ҡа¶ұа·Ҡа¶ұа·Ҡа¶ұа·Ҡа¶ұа·Ҡа¶ұа·Ҡа¶ұа·Ҡа¶ұа·Ҡа¶ұа·Ҡа¶ұа·Ҡа¶ұа·Ҡа¶ұа·Ҡа¶ұа·Ҡа¶ұа·Ҡа¶ұа·Ҡа¶ұа·Ҡа¶ұа·Ҡа¶ұа·Ҡа¶ұа·Ҡа¶ұа·Ҡа¶ұа·Ҡа¶ұа·Ҡа¶ұа·Ҡа¶ұа·Ҡа¶ұа·Ҡ
sei,eenim hacx hapГЎcatx zo hayooht.,ЧҗЧҷЧ Чқ ЧҗЧ§Ч—Ч” ЧӨЧ§ЧӘ Ч—ЧЁЧ•ЧўЧҷЧ•ЧӘ.,ЧҗЧҷЧ Чқ ЧҗЧ§Ч—Ч” ЧӨЧ§ЧӘ Ч—ЧЁЧ•ЧўЧҷЧ•ЧӘ.
sei,Вҝquiihya iic me tap?,kyi ya ik me tap,ai aa ih me tap
sei,"hant ipot hax hac itaaila, ooti quij ittГӯzotim, toc cГ¶miihtim.",бёҚбө—бө—бө—бө—бө—бө—бө—бө—бө—бө—бө—бө—бө—бө—бө—бө—бө—бө—бө—бө—бө—бө—бө—бө—бө—бө—бө—бө—бө—бө—бө—бө—бө—бө—бө—бө—бө—бө—бө—бө—бө—пҝҪ,бёҚбө—бө—бө—бө—бө—бө—бө—бө—бө—бө—бө—бө—бө—бө—бө—бө—бө—бө—бө—бө—бө—бө—бө—бө—бө—бө—бө—бө—бө—бө—бө—бө—бө—бө—бө—бө—бө—бө—бө—бө—бө—пҝҪ
sei,"siml quih cГ¶itcaaitax ma, icaalx iyomaaj.",ЧЎЧҷЧһЧңЧ§Чҷ Ч—Ч•Ч•ЧҷЧӘ Ч§ЧҗЧҷЧҳЧ— ЧһЧ” ЧўЧҷЧ§ЧЎ Ч—ЧҷЧ•Чқ ЧһЧ—.,ЧЎЧҷЧһЧңЧ§Чҷ Ч—Ч•Ч•ЧҷЧӘ Ч§ЧҗЧҷЧҳЧ— a! ЧўЧҷЧ§ЧЎ Ч—ЧҷЧ•Чқ ha.
sei,haaco aapa zo nsaai aha.,a koapaso insaya.,a! koapaso insaya.
sei,ihamoc cop hiiqui maanim.,а¶…а¶ҙа·’ а¶…а¶ҙа·’ а¶…а¶ҙа·’ а¶…а¶ҙа·’ а¶…а¶ҙа·’ а¶…а¶ҙа·’ а¶…а¶ҙа·’,а¶…а¶ҙа·’ а¶…а¶ҙа·’ а¶…а¶ҙа·’ а¶…а¶ҙа·’ а¶…а¶ҙа·’ а¶…а¶ҙа·’ а¶…а¶ҙа·’
sei,me hant com iti cГ¶miitax hac mihiisax com impaain ihmiimzo.,me anki hiti kuitachak mi esach komim bain i imim shokhi.,me ai hiti kuitachak ai esach komim ai ai imГЎm shokhi.
sei,czooxolcam coocj ih ihnyaa.,РәСҲРҫ С…Рҫ СҲРәР° РјРіРҫРә Рё РҪСҸ,РәСҲРҫ a! СҲРәР° РјРіРҫРә z a!
sei,he mГ©jico hac ano sahcaail caha.,"ehh, mГ©xico, no sacГЎisca.","ha, mГ©jico ano sacГЎisca."
sei,"zixquisiil cop itneefc ma, yaha.",Ч©Ч—Ч§ЧҷЧЎ ЧҷЧ© ЧӣЧң Ч”ЧӘЧ ЧЈ ЧӣЧһЧ• ЧҷЧўЧ”,Ч©Ч—Ч§ЧҷЧЎ a! a! Ч”ЧӘЧ ЧЈ ЧӣЧһЧ• ЧҷЧўЧ”
sei,ВЎhaaco cop cola quizaj iti caahca hac hateiictim z ano coosnan!,ХЎХЈХёХЈХЎХәХЈХёХҪХЎХІХ« Х·ХЎЦҖХ°Х«ХӨХ«ХҜХЎХҜХЎХҜХЎХҜ ХЎХЈХЎХҝХҘХІХӨХ«Хҙ ХёЦӮ ХёХҪХ¶ХЎХ¶Цү,ХЎХЈХёХЈХЎХәХЈХёХҪХЎХІХ« Х·ХЎЦҖХ°Х«ХӨХ«ХҜХЎХҜХЎХҜХЎХҜ ХЎХЈХЎХҝХҘХІХӨХ«Хҙ a! ХёХҪХ¶ХЎХ¶Цү
sei,cmaax hoox cГ¶iiha hizac pyeest cah ano mahcaalim iiha.,бҪӨбҫ¶ бҪӨбҫ¶ бҪӨбҫ¶ бҪӨбҫ¶ бҪӨбҫ¶ бҪӨбҫ¶ бҪӨбҫ¶ бҪӨбҫ¶ бҪӨбҫ¶ бҪӨбҫ¶ бҪӨбҫ¶ бҪӨбҫ¶ бҪӨбҫ¶ бҪӨбҫ¶ бҪӨбҫ¶ бҪӨбҫ¶ бҪӨбҫ¶ бҪӨбҫ¶ бҪӨбҫ¶ бҪӨбҫ¶ бҪӨбҫ¶ пҝҪ,a! a! a! a! a! a! a! a! a! a! a! a! a! a! a! a! a! a! a! a! a! z
sei,hГЎsatoj ccamla coi cohpsitalhaa aha.,бёҚбёҚбёҚбёҚбёҚбёҚбёҚбёҚбёҚбёҚбёҚбёҚбёҚбёҚбёҚбёҚбёҚбёҚбёҚбёҚбёҚбёҚбёҚбёҚбёҚбёҚбёҚбёҚбёҚбёҚбёҚбёҚбёҚбёҚбёҚбёҚбёҚбёҚбёҚбёҚбёҚбёҚпҝҪ,бёҚбёҚбёҚбёҚбёҚбёҚбёҚбёҚбёҚбёҚбёҚбёҚбёҚбёҚбёҚбёҚбёҚбёҚбёҚбёҚбёҚбёҚбёҚбёҚбёҚбёҚбёҚбёҚбёҚбёҚбёҚбёҚбёҚбёҚбёҚбёҚбёҚбёҚбёҚбёҚбёҚбёҚпҝҪ
sei,xepe com xahtaasim.,Ч—ЧӨЧ” ЧӣЧ•ЧһЧ—ЧӘЧЎЧҷЧқ,Ч—ЧӨЧ” ЧӣЧ•ЧһЧ—ЧӘЧЎЧҷЧқ
sei,haaco ihyaai cop ihsasxapa aha.,ДҒ koi yai kop yisas hapa ДҒ,z coi ai cop iisax aapa z
sei,Вҝinsaticpan haaya?,insatik panaya.,insatik panaal
sei,"cmaacoj tiquij comcaii aal quij hoox itacoxl, yГЎhitim.","РәСғР°-РәРҫС…СӮРёРәРёС…, РәРҫРјРіР°СҸСҒРәРёС…, РҫСҖСӢ, СӮР°РәРҫ С…СҒСҸ СҚСӮРёРј.","РәСғР°-РәРҫС…СӮРёРәРёС…, РәРҫРјРіР°СҸСҒРәРёС…, РҫСҖСӢ, СӮР°РәРҫ С…СҒСҸ СҚСӮРёРј."
sei,"pohamoc ta, hasaaitoj aha.",ЧӨЧ•ЧўЧһЧ•Ч§ ЧӘЧўЧ©Ч” ЧҗЧҷЧӘЧ• Ч—Ч”,ЧӨЧ•ЧўЧһЧ•Ч§ ЧӘЧўЧ©Ч” ЧҗЧҷЧӘЧ• a!
sei,xiica hapahit pac toc cГ¶yaii tax Вҝintaaplim intaaix?,kika apagtukiyay dahil nga pwede.,hita apagtukiyay dahil aa pwede.
sei,zixquisiil cmaa hapx caap com itoozj quih cГіi cocpГЎm oo ha.,se que es el cual apacab como y todos que coigo con amor a...,ee ee ee ee aal apacab com z coos ee coi coi aamo aha.
sei,"poofp x, saticpan ca haquix miih.","puff, da liegt man ja nicht mehr.","puff, aa liegt an aa nicht mee."
sei,icahii ihmaa mos pac toc cГ¶miihca.,ika ii mamu spak to kuiga.,iha ai aamo apa ito kuiga.
sei,queelexolca pti cyai coocj hacx ihyaailx.,ЧӣЧ©ЧЁ ЧўЧ•Ч©Ч§Ч” ЧӨЧӘЧҷЧ’ЧҷЧҷ Ч‘Ч•Ч§ ЧўЧ§ЧЁ ЧҗЧҷЧҗЧң,ЧӣЧ©ЧЁ ЧўЧ•Ч©Ч§Ч” ЧӨЧӘЧҷЧ’ЧҷЧҷ Ч‘Ч•Ч§ ЧўЧ§ЧЁ ЧҗЧҷЧҗЧң
sei,he hicmiiquet cah heecot cГ¶himom iha.,y cuy que cae con tu mome a,z ca ee ca coi ta moma a!
sei,"hiiqui cГ¶pohaita x, saapl caha.",ikikpo ay takh sabz ka,ikikpo a! ah eaz aa
sei,haaco quih isxГЎp hac hin hant yahjiit.,ДҒkogis бёҘapak innan tyahid.,ДҒkogis aapa innan tyahid.
sei,icaaitom quiipe quih iiqui imiitni.,аӨҮаӨ•аӨҫаӨҲ аӨӨаҘҒаӨ® аӨ•аҘҖ аӨӘаҘҮаӨ—аҘҮ аӨ•аҘҖ аӨ®аӨҝаӨӨаӨЁаҘҮ,аӨҮаӨ•аӨҫаӨҲ аӨӨаҘҒаӨ® a! аӨӘаҘҮаӨ—аҘҮ a! аӨ®аӨҝаӨӨаӨЁаҘҮ
sei,he sooda sooi caha.,гҒҲгғјгӮҪгғ©гӮҪгӮӨгӮ«,гҒҲгғјгӮҪгғ©гӮҪгӮӨгӮ«
sei,"iquiisax com iihom cГ¶iizoj hac, taax ziix quiipe ha.","ich gehe jetzt auch in den wunsch, um das zu sehen, dass ich hier bin.","ih hehe jetzt ah an an wunsch, a! a! z sehen, aasa ih he hi."
sei,comcaii quij isxeen oo yooitom.,como cae que es gГ©nero y oГӯdo.,com ca ee ee gГ©nero z oo.
sei,iiqui imiin hac iiqui moqueetx iha.,y que me enlaquequemos que es trГӯa.,z ee me enlaquequemos ee ee taa.
sei,ano yaait cop zaah quij iitax quih iiqui iipxa cop cГ¶iyoomjc.,бҪ… бҪ… бҪ… бҪ… бҪ… бҪ… бҪ… бҪ… бҪ… бҪ… бҪ… бҪ… бҪ… бҪ… бҪ… бҪ… бҪ… бҪ… бҪ… бҪ… бҪ… бҪ… бҪ… бҪ… бҪ… бҪ… бҪ… бҪ… бҪ… бҪ… бҪ… бҪ… бҪ… бҪ… бҪ… бҪ… бҪ… бҪ… бҪ… бҪ… бҪ… бҪ… пҝҪ,z z z z z z z z z z z z z z z z z z z z z z z z z z z z z z z z z z z z z z z z z z z
sei,peen zo he macaatla.,penso emma katza,hanso cmaa ata
sei,"cГ¶hihiim hac ano cГ¶ipitaai ta, ВЎhacaalim!",buemagano wipetaita akasim.,buemagano wipetaita akasim.
sei,moxima hihiisax com xaafzx xo cmaax hihiisax com ipot yoozoj.,ЧһЧ•Ч”Чқ ЧһЧ” ЧҗЧҷЧҷЧЎЧ— ЧӣЧһЧ—Ч•' Ч©Ч—Ч•' ЧӣЧ•Ч— ЧҗЧҷЧҷЧЎЧ— ЧӣЧһЧӨЧ•ЧӘЧҷЧ•ЧЎЧ•,ЧһЧ•Ч”Чқ a! ЧҗЧҷЧҷЧЎЧ— ЧӣЧһЧ—Ч•' Ч©Ч—Ч•' ЧӣЧ•Ч— ЧҗЧҷЧҷЧЎЧ— ЧӣЧһЧӨЧ•ЧӘЧҷЧ•ЧЎЧ•
sei,icatoomec tazo poome ta Вҝme scamahzaacat queeya?,y que atome el tesopo de la mezcla maracra que haya.,z ee poome ee tesopo ee aa mezcla maracra ee hayaa
sei,"ipos itajГӯz ma, cos ixaai hapaztoj pac ipnij hac an imahootxГ¶quij.",П…ПҖПҢО¶О·П„Оұ ПҮПҒО·ПғО№ОјОұОәПҢПӮ ПғО№ПҮО¬ОөО№ ОұПҖОұПғП„ОҝПҮОҝПҖОҪОҜПҮОұ ОіОұОҪО®ОјОұ ПҢП„П…ПҮОҝО№.,П…ПҖПҢО¶О·П„Оұ ПҮПҒО·ПғО№ОјОұОәПҢПӮ ПғО№ПҮО¬ОөО№ ОұПҖОұПғП„ОҝПҮОҝПҖОҪОҜПҮОұ ОіОұОҪО®ОјОұ ПҢП„П…ПҮОҝО№.
sei,"ВЎhaquejГ¶c hipcom hamГЎc quij cohziictim, stal!",a ke o hwik kom a makki hkosik tim stas.,a! ee oo hai com a! mazi hkosik him itasi
sei,"yaapapim, itiixim.",ЧҷЧӨЧ” Ч‘Чҹ ЧҗЧҷЧҳЧ—ЧҷЧқ,ЧҷЧӨЧ” a! ЧҗЧҷЧҳЧ—ЧҷЧқ
sei,hihaait quih anxГ¶ hapx miip.,ЧҷЧҗЧҷ ЧҷЧ“Ч§Чҷ ЧўЧ Ч• ЧҗЧ‘Ч—ЧһЧ‘,ЧҷЧҗЧҷ ЧҷЧ“Ч§Чҷ ЧўЧ Ч• ЧҗЧ‘Ч—ЧһЧ‘
sei,juan quij hahoocj iha.,"juan, geh'a'ok'i ahn.",juan geh'a'ok'i aha.
sei,hita quij ziix iyaatim.,Рё СӮР°Рә РёС… СҲРөСҸ РіСҖСҸРҙРёРј.,z СӮР°Рә a! СҲРөСҸ РіСҖСҸРҙРёРј.
sei,mihimoz quih iti hsaai aha.,mi im moski iti saaya,ai him cosi iti aapa
sei,ВЎhahoot hac ihcaptxГ¶!,"a autre, d'accord.","a! autre, d'accord."
sei,moosni quih sooyam caha.,mosniki soyamka,mosniki soyamka
sei,"haquejГ¶c pac itamjc ma, cmaax ihpmiquejГ¶c.","aquerro para que estamos com a comagre, me querro.","aquerro aa ee estamos com a! comagre, me querro."
sei,hamazaj quij hax quih hax iyaam oo.,Ч”ЧһЧ©Ч— ЧӣЧҡ ЧӣЧҡ ЧҷЧһЧ•,Ч”ЧһЧ©Ч— a! a! ЧҷЧһЧ•
sei,"hasaaiti quih cГ¶tootij ma, cГ¶hatahГ©melcoj, heme hamiizcam.","ОұПӮО¬ОөО№П„ОұО№ ОәОұО№ ОөОіПҺ П„Оҝ П„П…ПҮОјО¬ОіПү, ОұО»О»О¬ ОөОјОӯПӮ ПҖПү, ОөОјОӯ ОұОјО®ПӮ ОәОұОјПҖО®.","ОұПӮО¬ОөО№П„ОұО№ ОәОұО№ ОөОіПҺ a! П„П…ПҮОјО¬ОіПү, ОұО»О»О¬ ОөОјОӯПӮ ha, ОөОјОӯ ОұОјО®ПӮ ОәОұОјПҖО®."
sei,hitrooqui quij hasaaiti coozlil quih ano hsahaama aha.,Рё СӮСҖРҫРіРёРәРёС… Р°Р·Р°Р№СӮРёР№ РәРҫСҒР»РөРІСҒРәРёР№ Р°РҪРҪРҫСҒР°Р°РјРјР°,z СӮСҖРҫРіРёРәРёС… Р°Р·Р°Р№СӮРёР№ РәРҫСҒР»РөРІСҒРәРёР№ Р°РҪРҪРҫСҒР°Р°РјРјР°
sei,yeen iiqui hamitooij.,yen niki amitoich.,yeen hipi amitoich.
sei,hamiime com cГ¶yoonoj.,amГ©n me comquiono.,an me comquiono.
sei,"hast quij iti hptozГЎm, cohtmihzx, hant ihptahjiit ma, hitoaa cop miictim.",бёҚбёҚбёҚбёҚбёҚбёҚбёҚбёҚбёҚбёҚбёҚбёҚбёҚбёҚбёҚбёҚбёҚбёҚбёҚбёҚбёҚбёҚбёҚбёҚбёҚбёҚбёҚбёҚбёҚбёҚбёҚбёҚбёҚбёҚбёҚбёҚбёҚбёҚбёҚбёҚбёҚбёҚпҝҪ,бёҚбёҚбёҚбёҚбёҚбёҚбёҚбёҚбёҚбёҚбёҚбёҚбёҚбёҚбёҚбёҚбёҚбёҚбёҚбёҚбёҚбёҚбёҚбёҚбёҚбёҚбёҚбёҚбёҚбёҚбёҚбёҚбёҚбёҚбёҚбёҚбёҚбёҚбёҚбёҚбёҚбёҚпҝҪ
sei,hax hant xah zo hasoziit aha.,ЧҗЧҡ ЧҗЧ Чҳ Ч—Ч©Ч• ЧҗЧ– ЧўЧ•Ч©ЧҷЧӘ,a! ЧҗЧ Чҳ Ч—Ч©Ч• a! ЧўЧ•Ч©ЧҷЧӘ
sei,hahoot hac iiqui maanim.,aot akiki manim.,a! akiki maanim.
sei,ctam ticop zixquisiil cop iiqui iyahГӯpacot.,que tambiГ©n se puede hacer.,ee tambiГ©n ee puede hac.
sei,"haa nthiihat iti, matix xah ihaapl cop hiiix ih haxoj hamooiti.","ЧҗЧҷЧҹ ЧҗЧҷ ЧўЧ“ ЧҗЧӘ Ч–Ч”, ЧһЧӘЧ—Чҷ ЧҗЧ‘ЧЎЧ§Ч•ЧӨ ЧҗЧҷ ЧҗЧҷЧҡ ЧҗЧ—Ч•ЧЁ ЧўЧһЧ•Ч“Чҷ","ЧҗЧҷЧҹ a! a! a! ha, ЧһЧӘЧ—Чҷ ЧҗЧ‘ЧЎЧ§Ч•ЧӨ a! ЧҗЧҷЧҡ ЧҗЧ—Ч•ЧЁ ЧўЧһЧ•Ч“Чҷ"
sei,siitax ca poho.,"si, tal capo.",ai aal caha.
sei,eenim quih hapx iyooca.,Ш§Ы’ ЩҶЩ… Ъ©ЫҢШ§ ЩҫШұЫҢЩҲЪ©ЫҒШҹ,a! a! Ъ©ЫҢШ§ ЩҫШұЫҢЩҲЪ©ЫҒШҹ
sei,he hast ssizj caha.,and that's it.,an that's it
sei,trooqui hipquij cohpsacaato aha.,2 1 kopsa kГЎto a,z z cosa ito a!
sei,cГ¶siinoj caha.,sieh'n noch gar...,sieh'n moca gar...
sei,heezitim mГЎquina quij ano hiifp ihpyazooxolcam.,ОӯПғОөО№ П„О·ОҪ ОјО¬ОәП…ОҪОұ ОәОұО№ О· ОұОҪПүО®ПҶ О· ПҖО№ОұПғПҢПҮПҒОҝПӮ П„Оұ ОјО·.,ОӯПғОөО№ П„О·ОҪ ОјО¬ОәП…ОҪОұ ОәОұО№ z ОұОҪПүО®ПҶ z ПҖО№ОұПғПҢПҮПҒОҝПӮ a! ha.
sei,miiquet quih ihacaatol xoaatim.,Щ…ЫҢЪ©ЫҢЩ№ Ъ©Ы’ ЫҢШ§ Ъ©Ш§ШӘШҙ Ш®ЩҲШ§ЫҒШӘЫҢЩ…,Щ…ЫҢЪ©ЫҢЩ№ a! a! Ъ©Ш§ШӘШҙ Ш®ЩҲШ§ЫҒШӘЫҢЩ…
sei,hant ma hsiixquim aha.,ШЈЩҶШӘ Щ…Ш§ ШіЩҠШ®Ш¬Щ…ЩҮШ§,ШЈЩҶШӘ a! ШіЩҠШ®Ш¬Щ…ЩҮШ§
sei,hiiholx ihxooin.,en dat is het gehoor.,an a! is he gehoor.
sei,"hax himiim oo cohtГЎh, ihpyatj.","ЧҗЧ—, ЧҗЧҷЧһЧҷЧқ ЧҗЧ• ЧӣЧ•ЧӘЧ”, ЧҗЧҷЧӨЧҷЧҷЧӘ","ha, ЧҗЧҷЧһЧҷЧқ a! ЧӣЧ•ЧӘЧ”, ЧҗЧҷЧӨЧҷЧҷЧӘ"
sei,haxaaza com coaanj iha.,akhashakum kwanhia,akhashakum kwanhia
sei,"ziix cyaam z iti cГ¶sama caha, cГ¶misiifp hac.",бёҚбөғ бёҚбөғ бёҚбөғ бёҚбөғ бёҚбөғ бёҚбөғ бёҚбөғ бёҚбөғ бёҚбөғ бёҚбөғ бёҚбөғ бёҚбөғ бёҚбөғ бёҚбөғ бёҚбөғ бёҚбөғ бёҚбөғ бёҚбөғ бёҚбөғ бёҚбөғ бёҚбөғ пҝҪ,a! a! a! a! a! a! a! a! a! a! a! a! a! a! a! a! a! a! a! a! a! z
sei,"cГ¶ipaspoj hizac ano cГ¶ihitaai hac hant thanl tazo cГ¶itГЎh, toc contica iihi.",kwi pas po hishak anukw yi tayak an tan stashokw yi tatokondekkai.,ai pac oo hiihax anukw ai hayaa an an stashokw ai tatokondekkai.
sei,"tiix taaitom x, hanso yГЎxapim.",dicht de eetung aan zo'n jachtgaping.,dicht ee eetung aa zo jachtgaping.
sei,Вҝteet?,take,ta
sei,Вҝhant tomcoj cГ¶itГЎh?,н•ң нҶөкөӯмқ„ лӢӨ,z нҶөкөӯмқ„ z
sei,caamiz hapaasj quih hai cop hax iyahoalali oo.,come and watch the icup video.,com an watch he cap video.
sei,com cГіi csiijim oo ha.,como que si jimua,com ee ai jimua
sei,moxima quih panaal hayocaat.,mohemma que panaz ayucat.,mohemma ee panaal ayucat.
sei,"itacoaazj, icamitc hax caziim oo pac ano cГ¶iyaaspoj.",Ч”ЧӘЧ§Ч•Ч•Ч” Ч©ЧҷЧ’Чў ЧһЧӘ ЧҗЧӣЧ§Ч©Чқ Ч•ЧӨЧ§ЧўЧ Ч• ЧӣЧ•ЧҷЧ” ЧҗЧЎЧӨЧ•Чҡ,Ч”ЧӘЧ§Ч•Ч•Ч” Ч©ЧҷЧ’Чў a! ЧҗЧӣЧ§Ч©Чқ Ч•ЧӨЧ§ЧўЧ Ч• ЧӣЧ•ЧҷЧ” ЧҗЧЎЧӨЧ•Чҡ
sei,"cmaacoj quih haas quih anxГ¶ ipoomjc ta x, hita isapamjГ¶c aha.",бёҚбёҚбёҚбёҚбёҚбёҚбёҚбёҚбёҚбёҚбёҚбёҚбёҚбёҚбёҚбёҚбёҚбёҚбёҚбёҚбёҚбёҚбёҚбёҚбёҚбёҚбёҚбёҚбёҚбёҚбёҚбёҚбёҚбёҚбёҚбёҚбёҚбёҚбёҚбёҚбёҚбёҚпҝҪ,бёҚбёҚбёҚбёҚбёҚбёҚбёҚбёҚбёҚбёҚбёҚбёҚбёҚбёҚбёҚбёҚбёҚбёҚбёҚбёҚбёҚбёҚбёҚбёҚбёҚбёҚбёҚбёҚбёҚбёҚбёҚбёҚбёҚбёҚбёҚбёҚбёҚбёҚбёҚбёҚбёҚбёҚпҝҪ
sei,"compamaxp ta x, saziim aha.",ЧӣЧһЧ• Ч‘ЧһЧ—ЧӨЧҳЧ— Ч©Ч©ЧўЧҷЧһЧ”,ЧӣЧһЧ• Ч‘ЧһЧ—ЧӨЧҳЧ— Ч©Ч©ЧўЧҷЧһЧ”
sei,caha quih saha caha.,ke agis agar,ee ai aa
sei,"peez cooitom cГ¶maaipot, haaonam quij iicp hac.",peЕЎkoj tom k maj pod a v nГЎm kechГӯk pat.,peЕЎkoj tom z ma coi a! z com kechГӯk ata
sei,ВҝzГі hahoot hac it aalam?,show out to the azem.,ho. it ito he azГЎm!
sei,"hantx cГ¶miiha hac, hamoiij tiquij comcaaccmajiic z imacaalam, yoocyo.",ЧҗЧ Чҷ Ч—Ч•Ч©Ч‘ Ч©Ч–Ч” ЧһЧ•Ч’Чў Ч©Чң Ч”ЧһЧ§Чў Ч©Чң Ч”Ч ЧҷЧ•Ч§ЧҷЧ•ЧӘ.,ЧҗЧ Чҷ Ч—Ч•Ч©Ч‘ Ч©Ч–Ч” ЧһЧ•Ч’Чў a! Ч”ЧһЧ§Чў a! Ч”Ч ЧҷЧ•Ч§ЧҷЧ•ЧӘ.
sei,hax hapasi hizcap iicp me hsaaix aha.,Х°ХЎХӯ ХЎХәХЎХҪ Х«Х·ХҜХЎХә Х«Хә ХҙХҘХҪХЎХөХӯХЎХ¶.,Х°ХЎХӯ ХЎХәХЎХҪ Х«Х·ХҜХЎХә a! ХҙХҘХҪХЎХөХӯХЎХ¶.
sei,hiifp quih iizax tazo Гӯti coofin iha.,wie aufgehe ich das so in die kohle nГӨher?,ai aufgehe ih a! oo an ai kohle nГӨher?
sei,zixcГЎm quih insapxasit aha.,Ч©Ч—Ч§Чқ Ч’ЧҗЧҷЧҹ Ч–Ч• ЧӨЧЁЧЎЧҷЧҳЧ”,Ч©Ч—Ч§Чқ Ч’ЧҗЧҷЧҹ a! ЧӨЧЁЧЎЧҷЧҳЧ”
sei,Вҝmiisax cГ¶tsiijim?,РјРөСҒР°С… СҶРёС…РёРј!,РјРөСҒР°С… СҶРёС…РёРј!
sei,"cosi quih iihax coha ha, cГ¶iizquim hac.",бёҚбҹ’бҹ’бҹ’бҹ’бҹ’бҹ’бҹ’бҹ’бҹ’бҹ’бҹ’бҹ’бҹ’бҹ’бҹ’бҹ’бҹ’бҹ’бҹ’бҹ’бҹ’бҹ’бҹ’бҹ’бҹ’бҹ’бҹ’бҹ’бҹ’бҹ’бҹ’бҹ’бҹ’бҹ’бҹ’бҹ’бҹ’бҹ’бҹ’бҹ’бҹ’пҝҪ,бёҚбҹ’бҹ’бҹ’бҹ’бҹ’бҹ’бҹ’бҹ’бҹ’бҹ’бҹ’бҹ’бҹ’бҹ’бҹ’бҹ’бҹ’бҹ’бҹ’бҹ’бҹ’бҹ’бҹ’бҹ’бҹ’бҹ’бҹ’бҹ’бҹ’бҹ’бҹ’бҹ’бҹ’бҹ’бҹ’бҹ’бҹ’бҹ’бҹ’бҹ’бҹ’пҝҪ
sei,ВЎiicp pte nsacaaat aha!,ikpГӨ tensa kataa.,iip tensa hataai
sei,ВҝhГЎqui quij socaaix queeya?,a kik iks okai hokkeia.,a! ai iis ai hokkeia.
sei,caamiz hipquih he ziix iiqui smimt caha.,ЧӣЧҗЧҹ ЧһЧ©ЧӘЧҷЧ§ ЧҗЧҷЧ© ЧЁЧҷЧ—Чҷ ЧӣЧЎЧһЧһЧӘ ЧӣЧ”,ЧӣЧҗЧҹ ЧһЧ©ЧӘЧҷЧ§ ЧҗЧҷЧ© ЧЁЧҷЧ—Чҷ ЧӣЧЎЧһЧһЧӘ a!
sei,hamoz him xapitol.,amos enjapitos,mos enjapitos
sei,Вҝme smot queeya?,meshmotk,meshmotk
sei,hax matix xah tootar quih hyoohit.,бёҚбёҚбёҚбёҚбёҚбёҚбёҚбёҚбёҚбёҚбёҚбёҚбёҚбёҚбёҚбёҚбёҚбёҚбёҚбёҚбёҚбёҚбёҚбёҚбёҚбёҚбёҚбёҚбёҚбёҚбёҚбёҚбёҚбёҚбёҚбёҚбёҚбёҚбёҚбёҚбёҚбёҚпҝҪ,бёҚбёҚбёҚбёҚбёҚбёҚбёҚбёҚбёҚбёҚбёҚбёҚбёҚбёҚбёҚбёҚбёҚбёҚбёҚбёҚбёҚбёҚбёҚбёҚбёҚбёҚбёҚбёҚбёҚбёҚбёҚбёҚбёҚбёҚбёҚбёҚбёҚбёҚбёҚбёҚбёҚбёҚпҝҪ
sei,ihiisax com iiqui iscaaij ha z imГЎ ha.,"ich sage mir, dass ich das schaue.","ih saa ma, aasa ih a! schaue."
sei,miizj hacx sonyeeno caha.,mГӯЕЎ ak so niennoga.,ma a! oo niennoga.
sei,Вҝpyeest quij ano coii coi cmaax hant safeaacol queeya?,бёҚбҹ’бҹ’бҹ’бҹ’бҹ’бҹ’бҹ’бҹ’бҹ’бҹ’бҹ’бҹ’бҹ’бҹ’бҹ’бҹ’бҹ’бҹ’бҹ’бҹ’бҹ’бҹ’бҹ’бҹ’бҹ’бҹ’бҹ’бҹ’бҹ’бҹ’бҹ’бҹ’бҹ’бҹ’бҹ’бҹ’бҹ’бҹ’бҹ’бҹ’бҹ’пҝҪ,бёҚбҹ’бҹ’бҹ’бҹ’бҹ’бҹ’бҹ’бҹ’бҹ’бҹ’бҹ’бҹ’бҹ’бҹ’бҹ’бҹ’бҹ’бҹ’бҹ’бҹ’бҹ’бҹ’бҹ’бҹ’бҹ’бҹ’бҹ’бҹ’бҹ’бҹ’бҹ’бҹ’бҹ’бҹ’бҹ’бҹ’бҹ’бҹ’бҹ’бҹ’бҹ’пҝҪ
sei,"cmaacoj cop yecyar quih itcaao ma, yomoqueepe.",mwakuh kop yek yarike it kauma yomokepe.,mwakuh cop ee yarike it caama yomokepe.
sei,pyeest quij cocyaxi ha.,piesttkichkokiaja,piesttkichkokiaja
sei,"hita hiiqui ipoocatx ta x, inyaao quih hsaao aha.",бёҚбҹ’бҹ’бҹ’бҹ’бҹ’бҹ’бҹ’бҹ’бҹ’бҹ’бҹ’бҹ’бҹ’бҹ’бҹ’бҹ’бҹ’бҹ’бҹ’бҹ’бҹ’бҹ’бҹ’бҹ’бҹ’бҹ’бҹ’бҹ’бҹ’бҹ’бҹ’бҹ’бҹ’бҹ’бҹ’бҹ’бҹ’бҹ’бҹ’бҹ’бҹ’пҝҪ,бёҚбҹ’бҹ’бҹ’бҹ’бҹ’бҹ’бҹ’бҹ’бҹ’бҹ’бҹ’бҹ’бҹ’бҹ’бҹ’бҹ’бҹ’бҹ’бҹ’бҹ’бҹ’бҹ’бҹ’бҹ’бҹ’бҹ’бҹ’бҹ’бҹ’бҹ’бҹ’бҹ’бҹ’бҹ’бҹ’бҹ’бҹ’бҹ’бҹ’бҹ’бҹ’пҝҪ
sei,Вҝintacomca?,vienta conmica.,vienta contica
sei,"eaz coi hant com cГ¶pahpatjc ta x, cГ¶sootij aha.",бёҚбёҚбёҚбёҚбёҚбёҚбёҚбёҚбёҚбёҚбёҚбёҚбёҚбёҚбёҚбёҚбёҚбёҚбёҚбёҚбёҚбёҚбёҚбёҚбёҚбёҚбёҚбёҚбёҚбёҚбёҚбёҚбёҚбёҚбёҚбёҚбёҚбёҚбёҚбёҚбёҚбёҚпҝҪ,бёҚбёҚбёҚбёҚбёҚбёҚбёҚбёҚбёҚбёҚбёҚбёҚбёҚбёҚбёҚбёҚбёҚбёҚбёҚбёҚбёҚбёҚбёҚбёҚбёҚбёҚбёҚбёҚбёҚбёҚбёҚбёҚбёҚбёҚбёҚбёҚбёҚбёҚбёҚбёҚбёҚбёҚпҝҪ
sei,Вҝhax chaaya iiqui tpam?,"ЧҗЧ— Ч§ЧҷЧҷ, Ч”ЧҷЧҷ, ЧӣЧӘЧӨЧқ","a! Ч§ЧҷЧҷ, Ч”ЧҷЧҷ, ЧӣЧӘЧӨЧқ"
sei,"ctam zo toc cГ¶tiih, xepe com hacx cГ¶yomiih.",Ч§ЧҳЧў ЧһЧ©Ч•ЧӘЧ• Ч§ЧҳЧҷ Ч—ЧӨЧ” Ч’Ч•ЧһЧ§ Ч—Ч§ЧҷЧ•ЧһЧҷ,Ч§ЧҳЧў ЧһЧ©Ч•ЧӘЧ• Ч§ЧҳЧҷ Ч—ЧӨЧ” Ч’Ч•ЧһЧ§ Ч—Ч§ЧҷЧ•ЧһЧҷ
sei,"hasaaiti coozlil quih hicaamiz quih iti himo tpazjc, coox iyahГЎx.",Ч”ЧҷЧЎЧҷЧҷЧҳЧ” Ч’Ч•Ч©ЧңЧҷЧЎЧ§Чҷ ЧҗЧҷ Ч’ЧһЧЁЧ©Ч§Чҷ Ч“Чҷ ЧһЧ•ЧӘЧӨЧ©Ч§ Ч’Ч•ЧӣЧҷ ЧҷЧўЧЁ.,Ч”ЧҷЧЎЧҷЧҷЧҳЧ” Ч’Ч•Ч©ЧңЧҷЧЎЧ§Чҷ a! Ч’ЧһЧЁЧ©Ч§Чҷ a! ЧһЧ•ЧӘЧӨЧ©Ч§ Ч’Ч•ЧӣЧҷ ЧҷЧўЧЁ.
sei,"pohamoc ta, hpiheexoj, ziix coaafp he scaiitim caha.",ЧӨЧ” ЧўЧһЧ•Ч§ ЧӘЧӨЧҷЧҷЧҡ Ч©Ч—Ч§Ч• ЧҗЧЈ ЧҗЧЎЧ§ЧҗЧҷЧӘ ЧўЧқ Ч’ЧҗЧ”,a! ЧўЧһЧ•Ч§ ЧӘЧӨЧҷЧҷЧҡ Ч©Ч—Ч§Ч• a! ЧҗЧЎЧ§ЧҗЧҷЧӘ a! Ч’ЧҗЧ”
sei,hapxa coi hamisj quij ano caamtoj iha.,a pЕҷekuj a myslГӯЕЎ kdyЕҫ ano kam tohle jГЎ.,a! pЕҷekuj a! myslГӯЕЎ kdyЕҫ ano a! tohle ha.
sei,ihaapl cap macaatol.,ОәОұО№ О¬ПҲО·ОәОұ ПҖОјОұОәО¬П„ОҝП…ПҒ.,ОәОұО№ О¬ПҲО·ОәОұ ПҖОјОұОәО¬П„ОҝП…ПҒ.
sei,zixcГЎm hoyaazi com he scacj caha.,Ч©ЧӣЧқ ЧҗЧ•ЧҷЧ” Ч©Ч§Ч•ЧһЧўЧЎ ЧӣЧӣЧ”,Ч©ЧӣЧқ ЧҗЧ•ЧҷЧ” Ч©Ч§Ч•ЧһЧўЧЎ ЧӣЧӣЧ”
sei,"hant haa pooco ta, haptco hapoolx, hasaticpan aha.",бёҚбёҚбёҚбёҚбёҚбёҚбёҚбёҚбёҚбёҚбёҚбёҚбёҚбёҚбёҚбёҚбёҚбёҚбёҚбёҚбёҚбёҚбёҚбёҚбёҚбёҚбёҚбёҚбёҚбёҚбёҚбёҚбёҚбёҚбёҚбёҚбёҚбёҚбёҚбёҚбёҚбёҚпҝҪ,бёҚбёҚбёҚбёҚбёҚбёҚбёҚбёҚбёҚбёҚбёҚбёҚбёҚбёҚбёҚбёҚбёҚбёҚбёҚбёҚбёҚбёҚбёҚбёҚбёҚбёҚбёҚбёҚбёҚбёҚбёҚбёҚбёҚбёҚбёҚбёҚбёҚбёҚбёҚбёҚбёҚбёҚпҝҪ
sei,cooit iyomГӯs.,гҒ“гҒҶиЁҖгҒЈгҒҰгҒ„гҒ„гӮҲгғЎгӮ№,гҒ“гҒҶиЁҖгҒЈгҒҰгҒ„гҒ„гӮҲгғЎгӮ№
sei,ВҝtГЎzoya itisla?,СӮР°СҲСғСҸ Рё СӮРёСҒР»Р°.,СӮР°СҲСғСҸ z СӮРёСҒР»Р°.
sei,"hiisax com tatax ma, xaa hpmotj.",бёҚбҹ’бҹ’бҹ’бҹ’бҹ’бҹ’бҹ’бҹ’бҹ’бҹ’бҹ’бҹ’бҹ’бҹ’бҹ’бҹ’бҹ’бҹ’бҹ’бҹ’бҹ’бҹ’бҹ’бҹ’бҹ’бҹ’бҹ’бҹ’бҹ’бҹ’бҹ’бҹ’бҹ’бҹ’бҹ’бҹ’бҹ’бҹ’бҹ’бҹ’бҹ’пҝҪ,бёҚбҹ’бҹ’бҹ’бҹ’бҹ’бҹ’бҹ’бҹ’бҹ’бҹ’бҹ’бҹ’бҹ’бҹ’бҹ’бҹ’бҹ’бҹ’бҹ’бҹ’бҹ’бҹ’бҹ’бҹ’бҹ’бҹ’бҹ’бҹ’бҹ’бҹ’бҹ’бҹ’бҹ’бҹ’бҹ’бҹ’бҹ’бҹ’бҹ’бҹ’бҹ’пҝҪ
sei,quihehe quij cГ¶iyaticpan hac miizj hacx ixaafin.,ХҜХ« ХҘХҙ ХҘХҙ ХҘХҙ ХҘХҙ ХҘХҙ ХҘХҙ ХҘХҙ ХҘХҙ ХҘХҙ ХҘХҙ ХҘХҙ ХҘХҙ ХҘХҙ ХҘХҙ ХҘХҙ ХҘХҙ ХҘХҙ ХҘХҙ ХҘХҙ ХҘХҙ ХҘХҙ ХҘХҙ ХҘХҙ ХҘХҙ ХҘХҙ ХҘХҙ ХҘХҙ ХҘХҙ ХҘХҙ ХҘХҙ ХҘХҙ пҝҪ,a! a! a! a! a! a! a! a! a! a! a! a! a! a! a! a! a! a! a! a! a! a! a! a! a! a! a! a! a! a! a! a! z
sei,cГ¶sihiimat quih hax ihmoocta.,ОҫО·ОјОұП„О№ОәО¬ ПҮОөО№ОјПҢОәП„Оұ,ОҫО·ОјОұП„О№ОәО¬ ПҮОөО№ОјПҢОәП„Оұ
sei,"milГӯt ihpacoaazj, ma hsamГӯticot aha.",mescete pacuasa masamete putea,mescete pacuasa masamete pte
sei,Вҝme zГі him quiiya?,me so in dia,me oo an aa
sei,"he tcajГӯp, cГ¶iquiim hac ah hyoqueepe.",etka hip kukiin maaila jokin.,ata hap kukiin saailx jokin.
sei,"poheenim x, siiscan aha.",koenemme siis kanaa.,koenemme iis canaao
sei,Вҝhahoot hac itimt?,now look back at him!,ano coom hac a! him
sei,Вҝziix hacx tiij coos quij nsahiipet haaya?,Ч©ЧҷЧҷЧҡ ЧӘЧӣЧӘЧҷЧҡ ЧӣЧ•ЧЎ ЧҗЧӘ Ч”Ч ЧҰЧҗЧҷ ЧӨЧӘЧҗЧҷЧҷЧ”,Ч©ЧҷЧҷЧҡ ЧӘЧӣЧӘЧҷЧҡ ЧӣЧ•ЧЎ a! Ч”Ч ЧҰЧҗЧҷ ЧӨЧӘЧҗЧҷЧҷЧ”
sei,ВЎpac he haxГіlocot!,"РҫРә, СҸ С…РІРҫСҒСӮ СҲРҫРәРҫСӮ","ha, z С…РІРҫСҒСӮ СҲРҫРәРҫСӮ"
sei,he hicmiiquet cah hant ihyomaamac.,"hey, make it come to your mama.","ha, ma it com ito your aha."
sei,"ctam, tiix yaticpan quih aamo cahiyat iha.","dann dich ja dich irgendwie anmog, ich ja dir.","an ih aa ih irgendwie anmog, ih aa hi."
sei,hiicx iicx hiij.,"be quick, be quick!","ee quick, ee quick!"
sei,hataai cooxp quih cohsamahjГ¶ haa hi.,"i'm very cool, people say i'm not crying.",com very cola people saa com nt crying.
sei,"comcaac quih hax quih tahcaail ma, imatooc iha.","konkratki ach, kiedyЕӣ ma imatГіwki.",konkratki ah kiedyЕӣ ma imatГіwki.
sei,miiqui hpxaatim.,make it happen.,ma it happen.
sei,mitoj coi spГЎticl aha.,nytchko jsi pati k tДӣ.,nytchko ai pti z ha.
sei,Вҝhalx icatГӯcГ pan itГЎ?,Вҝhas creГӯdo que te ha panita?,Вҝhax creГӯdo ee ee ha panita?
sei,"hehe hascГЎm an icoyai pac toc contitat, haapa iicp hac iiqui titooij, toii ntimat.",а¶…а¶ҙа·’ а¶ҡа·’а¶ұа·Ҡа¶ұа·Ҡа¶ұа·Ҡа¶ұа·Ҡа¶ұа·Ҡа¶ұа·Ҡа¶ұа·Ҡа¶ұа·Ҡа¶ұа·Ҡа¶ұа·Ҡа¶ұа·Ҡа¶ұа·Ҡа¶ұа·Ҡа¶ұа·Ҡа¶ұа·Ҡа¶ұа·Ҡа¶ұа·Ҡа¶ұа·Ҡа¶ұа·Ҡа¶ұа·Ҡа¶ұа·Ҡа¶ұа·Ҡа¶ұа·Ҡа¶ұа·Ҡа¶ұа·Ҡа¶ұа·Ҡа¶ұа·Ҡа¶ұа·Ҡа¶ұа·Ҡа¶ұ,а¶…а¶ҙа·’ а¶ҡа·’а¶ұа·Ҡа¶ұа·Ҡа¶ұа·Ҡа¶ұа·Ҡа¶ұа·Ҡа¶ұа·Ҡа¶ұа·Ҡа¶ұа·Ҡа¶ұа·Ҡа¶ұа·Ҡа¶ұа·Ҡа¶ұа·Ҡа¶ұа·Ҡа¶ұа·Ҡа¶ұа·Ҡа¶ұа·Ҡа¶ұа·Ҡа¶ұа·Ҡа¶ұа·Ҡа¶ұа·Ҡа¶ұа·Ҡа¶ұа·Ҡа¶ұа·Ҡа¶ұа·Ҡа¶ұа·Ҡа¶ұа·Ҡа¶ұа·Ҡа¶ұа·Ҡа¶ұа·Ҡа¶ұ
sei,"haaho tintica tahtaxoj ma, cmaax quiipe ha.",аӨ…аӨҸ аӨ…аӨҰаӨҝаӨӮаӨ—аӨјаӨҫ аӨӨаӨҫ аӨ–аҘҒаӨ– аӨ®аӨҫаӨ– аӨ•аҘҖ аӨӘаҘҮ аӨҶаӨ—.,a! аӨ…аӨҰаӨҝаӨӮаӨ—аӨјаӨҫ a! аӨ–аҘҒаӨ– аӨ®аӨҫаӨ– a! a! ha.
sei,"hehe iiseja cГ¶cootij itaapxГ¶lim ma, hax yiifz oo.","ЧҗЧҷЧҷ, ЧҗЧҷЧҷ, ЧЎЧ’ЧЁЧ§Ч•ЧӘ, ЧӘЧңЧҷЧ“Ч”, ЧӨЧЁЧЎЧһЧ”, ЧҗЧЁЧ’Чҷ ЧҗЧӨЧ©ЧЁ.","ЧҗЧҷЧҷ, ЧҗЧҷЧҷ, ЧЎЧ’ЧЁЧ§Ч•ЧӘ, ЧӘЧңЧҷЧ“Ч”, ЧӨЧЁЧЎЧһЧ”, ЧҗЧЁЧ’Чҷ ЧҗЧӨЧ©ЧЁ."
sei,Вҝhizac oo yayГЎxiya?,y saco de la yagia,z aamo ee aa yaa
sei,"tiix tocooz ma, ctam tintica itaho, iyacomx.",tiertokosmat tammitymilleitГӨ oli ja konga.,tiertokosmat tammitymilleitГӨ ai aa konga.
sei,santaar coi caaytaj coi imcoaatam.,samtarku ikaitah kui ingwatham,samtarku ikaitah ai ingwatham
sei,xiica ccГЎmotam hehe ГЎn com ano coom com catl iha.,que queramos tambiГ©n con manocГіn con captea,ee queramos tambiГ©n coi manocГіn coi capxa
sei,Вҝeenim cop me tacozit?,"ja nie wiem, jak to mnie tak oszedЕӮ.","aa ai wiem, a! ito me ta oszedЕӮ."
sei,somcmiiquet caha.,some quick get-go.,com quih get-go.
sei,"mooin quij impoom impooxi, siimet ihmaa zo nsiihit aha.",бғҡбғҡбғҡбғҡбғҡбғҡбғҡбғҡбғҡбғҡбғҡбғҡбғҡбғҡбғҡбғҡбғҡбғҡбғҡбғҡбғҡбғҡбғҡбғҡбғҡбғҡбғҡбғҡбғҡбғҡбғҡбғҡбғҡбғҡбғҡбғҡбғҡбғҡбғҡбғҡбғҡбғҡпҝҪ,бғҡбғҡбғҡбғҡбғҡбғҡбғҡбғҡбғҡбғҡбғҡбғҡбғҡбғҡбғҡбғҡбғҡбғҡбғҡбғҡбғҡбғҡбғҡбғҡбғҡбғҡбғҡбғҡбғҡбғҡбғҡбғҡбғҡбғҡбғҡбғҡбғҡбғҡбғҡбғҡбғҡбғҡпҝҪ
sei,"caay tintica tatax, iip cop hans iyaalali.",kailin dikatattakkii koko kansi gelallani.,kailin dikatattakkii oo hans gelallani.
sei,ВҝzГіo mita?,show me that.,ho. me aha.
sei,"tiix tmoqueepe ma, ziix iic cГ¶ihiipe zo cohyacoiit.","te he jodido que te mas que coi, he puso coya coi.",ee he jodido ee ee ma ee coi he haso coha coi
sei,"hant contipa, sitat queeya?",ante kontiivaa sitten terkeille.,antГЎ kontiivaa iteen terkeille.
sei,"imГЎm ihtaai, comcaac cmajiic tacoi ano hpyeeti.",imammetai kun kГӨГӨltГӨ maheekta kui anupiesti.,imammetai an kГӨГӨltГӨ maheekta ai anupiesti.
sei,"ctam quij heenj xopinl quih chaa z itaai, an iyocazx.",бёҚбө—бө—бө—бө—бө—бө—бө—бө—бө—бө—бө—бө—бө—бө—бө—бө—бө—бө—бө—бө—бө—бө—бө—бө—бө—бө—бө—бө—бө—бө—бө—бө—бө—бө—бө—бө—бө—бө—бө—бө—бө—пҝҪ,бёҚбө—бө—бө—бө—бө—бө—бө—бө—бө—бө—бө—бө—бө—бө—бө—бө—бө—бө—бө—бө—бө—бө—бө—бө—бө—бө—бө—бө—бө—бө—бө—бө—бө—бө—бө—бө—бө—бө—бө—бө—бө—пҝҪ
sei,miiqui hscmacatx aha.,make this muck a thot.,ma hi. moca a! ho.
sei,he cmaax mos icaaitom ihmaa zo he szaxГ¶ caha.,"ЧӨЧҰЧһЧЁ, ЧҗЧҷЧҡ ЧһЧ” Ч©ЧҷЧ§Ч” ЧҗЧҷЧӘЧқ ЧўЧқ ЧһЧ©Ч”Ч• Ч”Ч©Ч—Ч•Ч§Ч”?","ЧӨЧҰЧһЧЁ, ЧҗЧҷЧҡ a! Ч©ЧҷЧ§Ч” ЧҗЧҷЧӘЧқ a! ЧһЧ©Ч”Ч• Ч”Ч©Ч—Ч•Ч§Ч”?"
sei,he hihihiimet quih hant yohanl.,"Оө, ОөОҜОјОұО№ ОәОұО№ ОұОҪП„О№ОҝОіО¬ОҪПүПғО·ПӮ.","x, ОөОҜОјОұО№ ОәОұО№ ОұОҪП„О№ОҝОіО¬ОҪПүПғО·ПӮ."
sei,"quih hehe com itaheemn, iti cola yacaai.",y el comentario es tegos ayacal,z ee comentario ee tegos ayacal
sei,ziix hacaapxom quih iyacamot.,ПғОө ПҶОұОәО¬ ПҖОҝОҪО·ОіО® ОіО№Оұ ОәОұОјОјОјПҢОҪ.,a! ПҶОұОәО¬ ПҖОҝОҪО·ОіО® ОіО№Оұ ОәОұОјОјОјПҢОҪ.
sei,"hipi hisoj cohtacomzo x, xpanohГЎx ano hpyoofp.",бһңбҹ’бҹ’бҹ’бҹ’бҹ’бҹ’бҹ’бҹ’бҹ’бҹ’бҹ’бҹ’бҹ’бҹ’бҹ’бҹ’бҹ’бҹ’бҹ’бҹ’бҹ’бҹ’бҹ’бҹ’бҹ’бҹ’бҹ’бҹ’бҹ’бҹ’бҹ’бҹ’бҹ’бҹ’бҹ’бҹ’бҹ’бҹ’бҹ’бҹ’бҹ’пҝҪ,бһңбҹ’бҹ’бҹ’бҹ’бҹ’бҹ’бҹ’бҹ’бҹ’бҹ’бҹ’бҹ’бҹ’бҹ’бҹ’бҹ’бҹ’бҹ’бҹ’бҹ’бҹ’бҹ’бҹ’бҹ’бҹ’бҹ’бҹ’бҹ’бҹ’бҹ’бҹ’бҹ’бҹ’бҹ’бҹ’бҹ’бҹ’бҹ’бҹ’бҹ’бҹ’пҝҪ
sei,ihamoc quih ccooo tintica iti cohpxiim.,бһҚбҹ’бҹ’бҹ’бҹ’бҹ’бҹ’бҹ’бҹ’бҹ’бҹ’бҹ’бҹ’бҹ’бҹ’бҹ’бҹ’бҹ’бҹ’бҹ’бҹ’бҹ’бҹ’бҹ’бҹ’бҹ’бҹ’бҹ’бҹ’бҹ’бҹ’бҹ’бҹ’бҹ’бҹ’бҹ’бҹ’бҹ’бҹ’бҹ’бҹ’бҹ’пҝҪ,бһҚбҹ’бҹ’бҹ’бҹ’бҹ’бҹ’бҹ’бҹ’бҹ’бҹ’бҹ’бҹ’бҹ’бҹ’бҹ’бҹ’бҹ’бҹ’бҹ’бҹ’бҹ’бҹ’бҹ’бҹ’бҹ’бҹ’бҹ’бҹ’бҹ’бҹ’бҹ’бҹ’бҹ’бҹ’бҹ’бҹ’бҹ’бҹ’бҹ’бҹ’бҹ’пҝҪ
sei,ziix hapapl quih yooctim.,cekha papulki joktim.,caha papulki joktim.
sei,hino miifp.,in no myth.,an ano miih.
sei,ctam cop iiqui toii ihpyopГіt.,kto mГіgЕӮ iЕӣДҮ i to je piД…poty.,ito mГіgЕӮ ih ai ito ee piД…poty.
sei,xiica hapahit pac cohsaaca haa hi.,бёҚбөғбөғбөғбөғбөғбөғбөғбөғбөғбөғбөғбөғбөғбөғбөғбөғбөғбөғбөғбөғбөғбөғбөғбөғбөғбөғбөғбөғбөғбөғбөғбөғбөғбөғбөғбөғбөғбөғбөғбөғбөғпҝҪ,бёҚбөғбөғбөғбөғбөғбөғбөғбөғбөғбөғбөғбөғбөғбөғбөғбөғбөғбөғбөғбөғбөғбөғбөғбөғбөғбөғбөғбөғбөғбөғбөғбөғбөғбөғбөғбөғбөғбөғбөғбөғбөғпҝҪ
sei,ВЎitacl iti cah!,"РёСӮР°Рә, РёРҙРё-РәР°.","РёСӮР°Рә, РёРҙРё-РәР°."
sei,sancaac hipquij zixquisiil ctam mooj poosj conyacГіtoxot hiihi.,бёҚбө—бө—бө—бө—бө—бө—бө—бө—бө—бө—бө—бө—бө—бө—бө—бө—бө—бө—бө—бө—бө—бө—бө—бө—бө—бө—бө—бө—бө—бө—бө—бө—бө—бө—бө—бө—бө—бө—бө—бө—бө—пҝҪ,бёҚбө—бө—бө—бө—бө—бө—бө—бө—бө—бө—бө—бө—бө—бө—бө—бө—бө—бө—бө—бө—бө—бө—бө—бө—бө—бө—бө—бө—бө—бө—бө—бө—бө—бө—бө—бө—бө—бө—бө—бө—бө—пҝҪ
sei,"hast hoox oo quisil tiquij oo haa cГ¶caafp iha, cГ¶icozaainim hac.",бёҚбөғбөғбөғбөғбөғбөғбөғбөғбөғбөғбөғбөғбөғбөғбөғбөғбөғбөғбөғбөғбөғбөғбөғбөғбөғбөғбөғбөғбөғбөғбөғбөғбөғбөғбөғбөғбөғбөғбөғбөғбөғпҝҪ,бёҚбөғбөғбөғбөғбөғбөғбөғбөғбөғбөғбөғбөғбөғбөғбөғбөғбөғбөғбөғбөғбөғбөғбөғбөғбөғбөғбөғбөғбөғбөғбөғбөғбөғбөғбөғбөғбөғбөғбөғбөғбөғпҝҪ
sei,ma hsapГЎnomot aha.,manasapan namuta,manasapan namuta
sei,hax imisil oo cГ¶ih iha.,бёҚбөғбөғбөғбөғбөғбөғбөғбөғбөғбөғбөғбөғбөғбөғбөғбөғбөғбөғбөғбөғбөғбөғбөғбөғбөғбөғбөғбөғбөғбөғбөғбөғбөғбөғбөғбөғбөғбөғбөғбөғбөғпҝҪ,бёҚбөғбөғбөғбөғбөғбөғбөғбөғбөғбөғбөғбөғбөғбөғбөғбөғбөғбөғбөғбөғбөғбөғбөғбөғбөғбөғбөғбөғбөғбөғбөғбөғбөғбөғбөғбөғбөғбөғбөғбөғбөғпҝҪ
sei,Вҝmitoj coi tofcoocalcam?,mytГіwku i tofu kaszkam.,mytГіwku ai toc kaszkam.
sei,"cmaacoj tiix hapx saailx taa ma, comcaac quih tcooo, itoziit, iyooctam.",бёҚбҹ’бҹ’бҹ’бҹ’бҹ’бҹ’бҹ’бҹ’бҹ’бҹ’бҹ’бҹ’бҹ’бҹ’бҹ’бҹ’бҹ’бҹ’бҹ’бҹ’бҹ’бҹ’бҹ’бҹ’бҹ’бҹ’бҹ’бҹ’бҹ’бҹ’бҹ’бҹ’бҹ’бҹ’бҹ’бҹ’бҹ’бҹ’бҹ’бҹ’бҹ’пҝҪ,бёҚбҹ’бҹ’бҹ’бҹ’бҹ’бҹ’бҹ’бҹ’бҹ’бҹ’бҹ’бҹ’бҹ’бҹ’бҹ’бҹ’бҹ’бҹ’бҹ’бҹ’бҹ’бҹ’бҹ’бҹ’бҹ’бҹ’бҹ’бҹ’бҹ’бҹ’бҹ’бҹ’бҹ’бҹ’бҹ’бҹ’бҹ’бҹ’бҹ’бҹ’бҹ’пҝҪ
sei,halx aanГ px.,ШЈШӘШ®Ш§ЩҶЩҶШ§ ШЁШ®,ШЈШӘШ®Ш§ЩҶЩҶШ§ a!
sei,"hapaspoj iicloj pac coleequi itaxcaj ma, hai cop hans iyapootita.",бёҚбёҚбёҚбёҚбёҚбёҚбёҚбёҚбёҚбёҚбёҚбёҚбёҚбёҚбёҚбёҚбёҚбёҚбёҚбёҚбёҚбёҚбёҚбёҚбёҚбёҚбёҚбёҚбёҚбёҚбёҚбёҚбёҚбёҚбёҚбёҚбёҚбёҚбёҚбёҚбёҚбёҚпҝҪ,бёҚбёҚбёҚбёҚбёҚбёҚбёҚбёҚбёҚбёҚбёҚбёҚбёҚбёҚбёҚбёҚбёҚбёҚбёҚбёҚбёҚбёҚбёҚбёҚбёҚбёҚбёҚбёҚбёҚбёҚбёҚбёҚбёҚбёҚбёҚбёҚбёҚбёҚбёҚбёҚбёҚбёҚпҝҪ
sei,quih ano roocГ¶ iha.,gianorokuya,gianorokuya
sei,"anxГ¶ iisax theemt, mos imoz cmeet iha, iiquet quij comiix tiiquet ma.",бёҚбөғбөғбөғбөғбөғбөғбөғбөғбөғбөғбөғбөғбөғбөғбөғбөғбөғбөғбөғбөғбөғбөғбөғбөғбөғбөғбөғбөғбөғбөғбөғбөғбөғбөғбөғбөғбөғбөғбөғбөғбөғпҝҪ,бёҚбөғбөғбөғбөғбөғбөғбөғбөғбөғбөғбөғбөғбөғбөғбөғбөғбөғбөғбөғбөғбөғбөғбөғбөғбөғбөғбөғбөғбөғбөғбөғбөғбөғбөғбөғбөғбөғбөғбөғбөғбөғпҝҪ
sei,me oo me ipГЎh iha.,me un me paГӯa,me an me aa
sei,hax haxaptim hac cГіi caama oo ha.,"ak, akap tingak kuyka mawa.",a! aa tingak kuyka aha.
sei,"ВЎcГ¶hihiim hac ano cГ¶ipitaai ta, hacaalim!",kwa kwa kwa kwa kwa kwa kwa kwa kwa kwa kwa kwa kwa kwa kwa kwa kwa kwa kwa kwa kwa kwa kwa kwa kwa kwa kwa kwa kwa kwa kwa kwa kwa kwa kwa kwa kwa kwa kwa kwa kwa kwa kwa kwa kwa kwa kwa kwa kwa kwa kwa kwa kwa kwa kwa kwa kwa kwa kwa kwa kwa kwa kwa kwa,aa aa aa aa aa aa aa aa aa aa aa aa aa aa aa aa aa aa aa aa aa aa aa aa aa aa aa aa aa aa aa aa aa aa aa aa aa aa aa aa aa aa aa aa aa aa aa aa aa aa aa aa aa aa aa aa aa aa aa aa aa aa aa aa
sei,hehe iti icotiin cop haaco cop cГ¶quipoaax iha.,бёҚбө—бө—бө—бө—бө—бө—бө—бө—бө—бө—бө—бө—бө—бө—бө—бө—бө—бө—бө—бө—бө—бө—бө—бө—бө—бө—бө—бө—бө—бө—бө—бө—бө—бө—бө—бө—бө—бө—бө—бө—бө—пҝҪ,бёҚбө—бө—бө—бө—бө—бө—бө—бө—бө—бө—бө—бө—бө—бө—бө—бө—бө—бө—бө—бө—бө—бө—бө—бө—бө—бө—бө—бө—бө—бө—бө—бө—бө—бө—бө—бө—бө—бө—бө—бө—бө—пҝҪ
sei,"haapa quih inyaait, moxima.","apa gini, ayat mohem ma?","apa ipi, iyat mohem ma"
sei,"ctam queezi cop tfit, saraapitaj iizi coi itoon, iyahaanpx.",бёҚбёҚбёҚбёҚбёҚбёҚбёҚбёҚбёҚбёҚбёҚбёҚбёҚбёҚбёҚбёҚбёҚбёҚбёҚбёҚбёҚбёҚбёҚбёҚбёҚбёҚбёҚбёҚбёҚбёҚбёҚбёҚбёҚбёҚбёҚбёҚбёҚбёҚбёҚбёҚбёҚбёҚпҝҪ,бёҚбёҚбёҚбёҚбёҚбёҚбёҚбёҚбёҚбёҚбёҚбёҚбёҚбёҚбёҚбёҚбёҚбёҚбёҚбёҚбёҚбёҚбёҚбёҚбёҚбёҚбёҚбёҚбёҚбёҚбёҚбёҚбёҚбёҚбёҚбёҚбёҚбёҚбёҚбёҚбёҚбёҚпҝҪ
sei,tootar ihyalaahi quih iti cГ¶xoaa.,бһҹбҹ’бҹ’бҹ’бҹ’бҹ’бҹ’бҹ’бҹ’бҹ’бҹ’бҹ’бҹ’бҹ’бҹ’бҹ’бҹ’бҹ’бҹ’бҹ’бҹ’бҹ’бҹ’бҹ’бҹ’бҹ’бҹ’бҹ’бҹ’бҹ’бҹ’бҹ’бҹ’бҹ’бҹ’бҹ’бҹ’бҹ’бҹ’бҹ’бҹ’бҹ’пҝҪ,бһҹбҹ’бҹ’бҹ’бҹ’бҹ’бҹ’бҹ’бҹ’бҹ’бҹ’бҹ’бҹ’бҹ’бҹ’бҹ’бҹ’бҹ’бҹ’бҹ’бҹ’бҹ’бҹ’бҹ’бҹ’бҹ’бҹ’бҹ’бҹ’бҹ’бҹ’бҹ’бҹ’бҹ’бҹ’бҹ’бҹ’бҹ’бҹ’бҹ’бҹ’бҹ’пҝҪ
sei,moxima quih hpyaaom.,mojen maggi y piau,mooin mazi z pac
sei,"zaah quij ano siizquim taa toc cГ¶miij xo hamГЎc cГ¶haisx cap hataht, hamoziit.",бғ•бғҡбғҡбғҡбғҡбғҡбғҡбғҡбғҡбғҡбғҡбғҡбғҡбғҡбғҡбғҡбғҡбғҡбғҡбғҡбғҡбғҡбғҡбғҡбғҡбғҡбғҡбғҡбғҡбғҡбғҡбғҡбғҡбғҡбғҡбғҡбғҡбғҡбғҡбғҡбғҡбғҡпҝҪ,бғ•бғҡбғҡбғҡбғҡбғҡбғҡбғҡбғҡбғҡбғҡбғҡбғҡбғҡбғҡбғҡбғҡбғҡбғҡбғҡбғҡбғҡбғҡбғҡбғҡбғҡбғҡбғҡбғҡбғҡбғҡбғҡбғҡбғҡбғҡбғҡбғҡбғҡбғҡбғҡбғҡбғҡпҝҪ
sei,"ctam, tiix ano hizi matГЎpolquim.",РәСӮР°РҪРҙСӢС… РҫРҪРҫ Рё Р¶РёРІРҫ Р·Р°РҝСғСүРөРҪ.,РәСӮР°РҪРҙСӢС… РҫРҪРҫ z Р¶РёРІРҫ Р·Р°РҝСғСүРөРҪ.
sei,heme ma hsacomjc aha.,en memas a,an moma a!
sei,taxma hizaxГ¶ iha.,ШӘШ®Щ…Ш№ЩҠ ШҙШ®ЩҲЩҠШ©,ШӘШ®Щ…Ш№ЩҠ ШҙШ®ЩҲЩҠШ©
sei,haaya?,ay ya,a! aa
sei,"ziix quiijc com canoaa com imocl hac ano toom, miijc.",i'm not going to speak english.,com nt going ito speak english.
sei,haxz apa zo hmiiho.,"ЧўЧӣЧ©ЧҷЧ•, ЧӨЧ©Ч•Чҳ ЧһЧҷ ЧҗЧ”?","ЧўЧӣЧ©ЧҷЧ•, ЧӨЧ©Ч•Чҳ a! oo?"
sei,ВҝmarГӯa quih intahiipet?,maria ginda ippit,marГӯa ginda imiit
sei,"hiiquet quij iiqui hpahoosj ta x, iisax sheemt aha.",ЧҷЧ§Ч“Ч§Ч© ЧҷЧ’ЧҷЧ‘Ч” ЧҗЧ•ЧЎЧ— Ч“Ч— ЧҷЧЎЧ— ЧЎЧқ Ч“Чў,ЧҷЧ§Ч“Ч§Ч© ЧҷЧ’ЧҷЧ‘Ч” ЧҗЧ•ЧЎЧ— a! ЧҷЧЎЧ— a! a!
sei,marГӯa quih canoaa zo pedro quih cГ¶iyacГіquetot.,marГӯa que canuacho pedro que huya cuquito,marГӯa ee canuacho pedro ee ha cuquito
sei,hax cop cГ¶ihiitc hac xoyaam.,ЧҗЧҡ Ч§Ч•ЧӨЧ•ЧҷЧҷЧӘ ЧӣЧӣЧ” ЧҷЧқ,a! Ч§Ч•ЧӨЧ•ЧҷЧҷЧӘ ЧӣЧӣЧ” a!
sei,"cmaacoj quih queejim quij xiica coopol quih itasi x, iyoxolcГ¶.",y yo con el dedo,z oo coi ee pedro
sei,"hateiictim caziim pac iti itaaom, iionam cГ¶imaafin.",atek tim kashim bak iti taum yi unawm wimafin.,ata him kashim a! iti ctam ai unawm wimafin.
sei,"hap inaail quih hyoqueejc, hant pofii ta hsacaaitic taa.",apinais ki yoke han pofita isa kai dikta,apinais ai oose an pofii iha ai hita
sei,"zixquisiil cop inol cop loolsi pac ano toii ma, iiqui yatofz.","chГ©reos, que si el copo, y no el copo, lo holsipacano toГӯma y quillatofus.","chГ©reos, ee ai ee coom z ano ee coom oo holsipacano moma z quillatofus."
sei,ihpsapnГӯn aha.,ipsap ninnah,hipcap ninnah
sei,pablo quih hihacosot ihi.,pa К»ablog К»i К»akos К»otД« К»i,aa pablo ai К»akos ooti ai
sei,ВЎtom pac hino camjc!,"toma, guino, cam.","ma, guino, aamo"
sei,haso quih ihmaa quih iiqui nsahoocapot aha.,aso gД« imДҒ gД« gД« kon sa'oka bota'a,ano a! imГЎ a! a! an sa'oka bota'a
sei,hatcmalx.,Г  toi!,z toii
sei,"hohra timoca coi anxГ¶ ipanzx iti, cmiique timoca itaho, haquix yoop.","hola, timuca.",cola timoca
sei,Вҝcanoaa com ihanaxz quih itquГ©s?,"karena aku, diana, kirites.","karena aku, diana, kirites."
sei,"cohyootni, mos itacl oo cohyootni.","koujoutni, musi taklo koujoutni.","koujoutni, cosi pablo koujoutni."
sei,ВЎminl quih pte hazГЎzinot!,а¶…а¶ҙа·’ а¶Ҝа·җа¶ұа·Ҡа¶ұа·Ҡа¶ұа·Ҡа¶ұа·Ҡа¶ұа·Ҡа¶ұа·Ҡа¶ұа·Ҡа¶ұа·Ҡа¶ұа·Ҡа¶ұа·Ҡа¶ұа·Ҡа¶ұа·Ҡа¶ұа·Ҡа¶ұа·Ҡа¶ұа·Ҡа¶ұа·Ҡа¶ұа·Ҡа¶ұа·Ҡа¶ұа·Ҡа¶ұа·Ҡа¶ұа·Ҡа¶ұа·Ҡа¶ұа·Ҡа¶ұа·Ҡа¶ұа·Ҡа¶ұа·Ҡа¶ұа·Ҡа¶ұа·Ҡа¶ұа·Ҡа¶ұ,а¶…а¶ҙа·’ а¶Ҝа·җа¶ұа·Ҡа¶ұа·Ҡа¶ұа·Ҡа¶ұа·Ҡа¶ұа·Ҡа¶ұа·Ҡа¶ұа·Ҡа¶ұа·Ҡа¶ұа·Ҡа¶ұа·Ҡа¶ұа·Ҡа¶ұа·Ҡа¶ұа·Ҡа¶ұа·Ҡа¶ұа·Ҡа¶ұа·Ҡа¶ұа·Ҡа¶ұа·Ҡа¶ұа·Ҡа¶ұа·Ҡа¶ұа·Ҡа¶ұа·Ҡа¶ұа·Ҡа¶ұа·Ҡа¶ұа·Ҡа¶ұа·Ҡа¶ұа·Ҡа¶ұа·Ҡа¶ұа·Ҡа¶ұ
sei,canoaa com xepe eexl iha.,ВЎcannua con jefe!,ВЎcannua coi jefe!
sei,"tamoz, ipij com yoopxГ¶lim.",СӮР°Рј РјРҫР¶РөСӮ Рё РҝРёС…РҫРј С‘РҝСӮСҖСӢ.,СӮР°Рј РјРҫР¶РөСӮ z РҝРёС…РҫРј С‘РҝСӮСҖСӢ.
sei,hapaspoj hanoocaj quih cpatjc iha.,ОұПҖОұПғПҖОҝПҮО¬ОҪПү ОәОұПҮП…ПҖОұОёОәОҜОұ.,ОұПҖОұПғПҖОҝПҮО¬ОҪПү ОәОұПҮП…ПҖОұОёОәОҜОұ.
sei,"xaa cГ¶misaanpx hac aa ipooh ta x, ziix iic cГ¶ihiipe zo hmoozi.",je suis trГЁs heureuse de travailler avec vous. je suis heureuse de vous.,ee iis tacs heureuse ee travailler avec vous. ee iis heureuse ee vous.
sei,"ctam quij aapa, cmaam quij aasa aha.",ketemgi hapa wamgi hasa,ketemgi aapa wamgi aasa
sei,"zixquisiil quih xiica an icaai ano yaii quij cГ¶iteemt, iyoohit.",бёҚбҹ’бҹ’бҹ’бҹ’бҹ’бҹ’бҹ’бҹ’бҹ’бҹ’бҹ’бҹ’бҹ’бҹ’бҹ’бҹ’бҹ’бҹ’бҹ’бҹ’бҹ’бҹ’бҹ’бҹ’бҹ’бҹ’бҹ’бҹ’бҹ’бҹ’бҹ’бҹ’бҹ’бҹ’бҹ’бҹ’бҹ’бҹ’бҹ’бҹ’бҹ’пҝҪ,бёҚбҹ’бҹ’бҹ’бҹ’бҹ’бҹ’бҹ’бҹ’бҹ’бҹ’бҹ’бҹ’бҹ’бҹ’бҹ’бҹ’бҹ’бҹ’бҹ’бҹ’бҹ’бҹ’бҹ’бҹ’бҹ’бҹ’бҹ’бҹ’бҹ’бҹ’бҹ’бҹ’бҹ’бҹ’бҹ’бҹ’бҹ’бҹ’бҹ’бҹ’бҹ’пҝҪ
sei,"hacat com iconГӯp com cohtatni, hanso htnopij ma, yaxi.",бҪҖ бҪҒ бҪҒ бҪҒ бҪҒ бҪҒ бҪҒ бҪҒ бҪҒ бҪҒ бҪҒ бҪҒ бҪҒ бҪҒ бҪҒ бҪҒ бҪҒ бҪҒ бҪҒ бҪҒ бҪҒ бҪҒ бҪҒ бҪҒ бҪҒ бҪҒ бҪҒ бҪҒ бҪҒ бҪҒ бҪҒ бҪҒ бҪҒ бҪҒ бҪҒ бҪҒ бҪҒ бҪҒ бҪҒ бҪҒ бҪҒ бҪҒ пҝҪ,z z z z z z z z z z z z z z z z z z z z z z z z z z z z z z z z z z z z z z z z z z z
sei,"xtoozp hapГ©c quih iti hptozГЎm, ihyajГ¶azp.",ПҮП„ПҢПӮ ПҖОұПҖПҖОӯОәО·П„ОҝО№ ПҖП„ПҢПӮ ОұОјПҖОҜО»О№Оұ ПҮПүО¬ПӮ ПҖПҖ.,ПҮП„ПҢПӮ ПҖОұПҖПҖОӯОәО·П„ОҝО№ ПҖП„ПҢПӮ ОұОјПҖОҜО»О№Оұ ПҮПүО¬ПӮ ha.
sei,caay xah hap xah cyanГіpalcoj iha.,ВЎgracias a pajar! ya no me parГ© con huida.,ВЎgracias a! pajar! aa ano me pac coi huida.
sei,"hita hamcanoiin yaa quih itazni, xepe cГ¶iyosaaij, xiica iti icoiitoj yaa quih cГ¶isaaasxim taa.",бһңбҹ’бҹ’бҹ’бҹ’бҹ’бҹ’бҹ’бҹ’бҹ’бҹ’бҹ’бҹ’бҹ’бҹ’бҹ’бҹ’бҹ’бҹ’бҹ’бҹ’бҹ’бҹ’бҹ’бҹ’бҹ’бҹ’бҹ’бҹ’бҹ’бҹ’бҹ’бҹ’бҹ’бҹ’бҹ’бҹ’бҹ’бҹ’бҹ’бҹ’бҹ’пҝҪ,бһңбҹ’бҹ’бҹ’бҹ’бҹ’бҹ’бҹ’бҹ’бҹ’бҹ’бҹ’бҹ’бҹ’бҹ’бҹ’бҹ’бҹ’бҹ’бҹ’бҹ’бҹ’бҹ’бҹ’бҹ’бҹ’бҹ’бҹ’бҹ’бҹ’бҹ’бҹ’бҹ’бҹ’бҹ’бҹ’бҹ’бҹ’бҹ’бҹ’бҹ’бҹ’пҝҪ
sei,ВЎtaa iti cГ¶hahiyat!,tai di wa i yat,ai ai aa ai iyat
sei,hГЎcalca hizcoi hant iyaanim.,"Р° РәР°СҲРәР° РёСүСҢ, РәРҫРө-Р°РҪРҙРө, СҸ РҪРө","z РәР°СҲРәР° РёСүСҢ, РәРҫРө-Р°РҪРҙРө, z a!"
sei,ctam ticop hast quij hiicp hac iic iyapaainj.,tam dikap as dikik bagi japan,ctam ticap a! dikik ai aapa
sei,"tihiihom oo ma, hameaaxoj.","de ahГӯ, homo, me ame ajo.",ee ah hamoz me me aha.
sei,"cmaacoj ticop ziix yacoso caaixaj z isoj cГ¶isjiit taa ma, itinj ma, hiza yopanzx.",бёҚбөғ бёҚбөғ бёҚбөғ бёҚбөғ бёҚбөғ бёҚбөғ бёҚбөғ бёҚбөғ бёҚбөғ бёҚбөғ бёҚбөғ бёҚбөғ бёҚбөғ бёҚбөғ бёҚбөғ бёҚбөғ бёҚбөғ бёҚбөғ бёҚбөғ бёҚбөғ бёҚбөғ пҝҪ,a! a! a! a! a! a! a! a! a! a! a! a! a! a! a! a! a! a! a! a! a! z
sei,"ihyoomjc tax, hehe hamasij zo htaxi, tiix cohyatГіpatol.",бһҚбҹ’бҹ’бҹ’бҹ’бҹ’бҹ’бҹ’бҹ’бҹ’бҹ’бҹ’бҹ’бҹ’бҹ’бҹ’бҹ’бҹ’бҹ’бҹ’бҹ’бҹ’бҹ’бҹ’бҹ’бҹ’бҹ’бҹ’бҹ’бҹ’бҹ’бҹ’бҹ’бҹ’бҹ’бҹ’бҹ’бҹ’бҹ’бҹ’бҹ’бҹ’пҝҪ,бһҚбҹ’бҹ’бҹ’бҹ’бҹ’бҹ’бҹ’бҹ’бҹ’бҹ’бҹ’бҹ’бҹ’бҹ’бҹ’бҹ’бҹ’бҹ’бҹ’бҹ’бҹ’бҹ’бҹ’бҹ’бҹ’бҹ’бҹ’бҹ’бҹ’бҹ’бҹ’бҹ’бҹ’бҹ’бҹ’бҹ’бҹ’бҹ’бҹ’бҹ’бҹ’пҝҪ
sei,"hai cop intooit ma, cГ¶ihaafzx hac iti hoocala cГ¶taanim ma, hant com tcooo yicopol.",а¶…а·Җа·’а·Җа·Җа·Җа·Җа·Җа·Җа·Җа·Җа·Җа·Җа·Җа·Җа·Җа·Җа·Җа·Җа·Җа·Җа·Җа·Җа·Җа·Җа·Җа·Җа·Җа·Җа·Җа·Җа·Җа·Җа·Җа·Җа·Җа·Җа·Җа·Җа·Җа·Җа·Җа·Җа·Җа·Җа·Җа·Җа·Җа·Җа·Җа·Җа·Җа·Җа·Җа·Җа·Җа·Җа·Җа·Җа·Җа·Җа·Җа·Җа·Җ,а¶…а·Җа·’а·Җа·Җа·Җа·Җа·Җа·Җа·Җа·Җа·Җа·Җа·Җа·Җа·Җа·Җа·Җа·Җа·Җа·Җа·Җа·Җа·Җа·Җа·Җа·Җа·Җа·Җа·Җа·Җа·Җа·Җа·Җа·Җа·Җа·Җа·Җа·Җа·Җа·Җа·Җа·Җа·Җа·Җа·Җа·Җа·Җа·Җа·Җа·Җа·Җа·Җа·Җа·Җа·Җа·Җа·Җа·Җа·Җа·Җа·Җа·Җа·Җ
sei,hanso tazo hsahaanpx aha.,м•ҲмҶҢлӢӨ мҮјмӮ¬ м•”нҢҢ,м•ҲмҶҢлӢӨ a! a!
sei,hehe hapГ©c quih hehe hant hanГӯp cop cГ¶scoiimaj caha.,"Оө, Оӯ, Оӯ, Оӯ, Оӯ, Оӯ, Оӯ, Оӯ, Оӯ, Оӯ, Оӯ, Оӯ, Оӯ, Оӯ, Оӯ, Оӯ, Оӯ, Оӯ, Оӯ, Оӯ, Оӯ, Оӯ, Оӯ, Оӯ, Оӯ, Оӯ, Оӯ, Оӯ, Оӯ, Оӯ, Оӯ, Оӯ, Оӯ, Оӯ, Оӯ, Оӯ, Оӯ, Оӯ, Оӯ, Оӯ, Оӯ, Оӯ, Оӯ, Оӯ, Оӯ, Оӯ, Оӯ, Оӯ, Оӯ, Оӯ, Оӯ, Оӯ, Оӯ, Оӯ, Оӯ, Оӯ, Оӯ, Оӯ, Оӯ, Оӯ, Оӯ, Оӯ, Оӯ, Оӯ,","x, x, x, x, x, x, x, x, x, x, x, x, x, x, x, x, x, x, x, x, x, x, x, x, x, x, x, x, x, x, x, x, x, x, x, x, x, x, x, x, x, x, x, x, x, x, x, x, x, x, x, x, x, x, x, x, x, x, x, x, x, x, x, x,"
sei,siimet ihyaa quih panaal quih iiqui cohyoneezj.,ПғП…ОјОјОөП„О№Оұ ОәОұО№ ПҖОұОҪО¬ПғОәО· ОәОұО№ ОәОҝОөО№ОҝОҪОӯПғПҮ,ПғП…ОјОјОөП„О№Оұ ОәОұО№ ПҖОұОҪО¬ПғОәО· ОәОұО№ ОәОҝОөО№ОҝОҪОӯПғПҮ
sei,aamo cГ¶mahiyat ГЎa.,"amuk, muayah, taa","amuk, muayah, taa"
sei,"ctamcГ¶ coi canoaa com iyoqueeezoj, xepe an isiicmolca taa.","tango y canuaco, mi yo que sojГ© penicidico, chata.","ano z canuaco, ai oo ee isoj penicidico, caha."
sei,"caay cop catol iha yax, hehe iiqui yahahizj.",kaikokattoliГӨ ja ikijГӨisi.,kaikokattoliГӨ aa ikijГӨisi.
sei,"hicaamiz quih htapox, cohpmacГ¶tim.",бһҚбҹ’бҹ’бҹ’бҹ’бҹ’бҹ’бҹ’бҹ’бҹ’бҹ’бҹ’бҹ’бҹ’бҹ’бҹ’бҹ’бҹ’бҹ’бҹ’бҹ’бҹ’бҹ’бҹ’бҹ’бҹ’бҹ’бҹ’бҹ’бҹ’бҹ’бҹ’бҹ’бҹ’бҹ’бҹ’бҹ’бҹ’бҹ’бҹ’бҹ’бҹ’пҝҪ,бһҚбҹ’бҹ’бҹ’бҹ’бҹ’бҹ’бҹ’бҹ’бҹ’бҹ’бҹ’бҹ’бҹ’бҹ’бҹ’бҹ’бҹ’бҹ’бҹ’бҹ’бҹ’бҹ’бҹ’бҹ’бҹ’бҹ’бҹ’бҹ’бҹ’бҹ’бҹ’бҹ’бҹ’бҹ’бҹ’бҹ’бҹ’бҹ’бҹ’бҹ’бҹ’пҝҪ
sei,he pocooo saticpan caha.,epo ko sa tigpan ka,ano oo aa tigpan aa
sei,xoofp.,hooo,hoox
sei,haqueezi yaai quih hoox iyahisoj.,ШЈЩғШҙЩҠ ЩҠШ§ ШҘЩҠЩҮ ШЈЩҲ Ш®ЩҠШ§ШЎ Ш§Щ„ШіШ®,ШЈЩғШҙЩҠ a! ШҘЩҠЩҮ a! Ш®ЩҠШ§ШЎ Ш§Щ„ШіШ®
sei,hant imaasij hipquij ihsahaas aha.,"anbiet maГҹlich eckig, wie es er aГҹ hat.","anbiet maГҹlich eckig, ai ee ee a! ha."
sei,"pedro quih taahit ma, ical quih ziix zo cГ¶iyaa ha.",pedro que estГЎ etmГЎ y que se esoguyaГЎ,pedro ee antГЎ imГЎ z ee ee esoguyaГЎ
sei,cmiique caacoj apa zo nsiiho aha.,pueblo que cago a 11 horas,pablo ee aamo a! a! haas
sei,insanzaait aha.,insan sya ita.,iisax saa iha.
sei,"hahjГ¶ itcoj hac iiqui haaho tintica mihaao iti x, haa nsiifp aha.",aokit ko haki ikiya o tindi ka may awitig ang sifpa.,cooit oo hai ihiha oo tindi aa ma awitig an sifpa.
sei,"pnaacoj ГЎn com ГЎn cГ¶toizct, hapx hant cГ¶yoome.",лӮҳ кі н•ңкі° м•Ҳкі лҸ„ мӢ№ н•ң кұ°мҡ”.,z кі н•ңкі° м•Ҳкі лҸ„ z z ha.
sei,"haas cop ittaxz, iis coi tcooo ma, hant it hac iti toii ma, iyexl.",asko pittas isko it kumoma and it tarit itoima hiye.,aamo pittas is it moma an it haait itoaa hi.
sei,zixquisiil quih haxГ¶l inaail caziim ocoho quih cГ¶imacocta.,бһҚбҹ’бҹ’бҹ’бҹ’бҹ’бҹ’бҹ’бҹ’бҹ’бҹ’бҹ’бҹ’бҹ’бҹ’бҹ’бҹ’бҹ’бҹ’бҹ’бҹ’бҹ’бҹ’бҹ’бҹ’бҹ’бҹ’бҹ’бҹ’бҹ’бҹ’бҹ’бҹ’бҹ’бҹ’бҹ’бҹ’бҹ’бҹ’бҹ’бҹ’бҹ’пҝҪ,бһҚбҹ’бҹ’бҹ’бҹ’бҹ’бҹ’бҹ’бҹ’бҹ’бҹ’бҹ’бҹ’бҹ’бҹ’бҹ’бҹ’бҹ’бҹ’бҹ’бҹ’бҹ’бҹ’бҹ’бҹ’бҹ’бҹ’бҹ’бҹ’бҹ’бҹ’бҹ’бҹ’бҹ’бҹ’бҹ’бҹ’бҹ’бҹ’бҹ’бҹ’бҹ’пҝҪ
sei,haxz cooxi com hiicp cГ¶xopaspx.,ЧҗЧҡ Ч©Ч§Ч•ЧЁЧ’Ч•Чқ ЧҗЧҷЧ§ ЧӨЧЁЧ•ЧӨЧЎЧҳЧЁ,a! Ч©Ч§Ч•ЧЁЧ’Ч•Чқ ЧҗЧҷЧ§ ЧӨЧЁЧ•ЧӨЧЎЧҳЧЁ
sei,"comcaii cmaam ihaamac quiih ticap zixcГЎm z iyoyaazi, zixquisiil ctam iiquet quih cГ¶isaahit taa.",бёҚбөғбөғбөғбөғбөғбөғбөғбөғбөғбөғбөғбөғбөғбөғбөғбөғбөғбөғбөғбөғбөғбөғбөғбөғбөғбөғбөғбөғбөғбөғбөғбөғбөғбөғбөғбөғбөғбөғбөғбөғбөғпҝҪ,бёҚбөғбөғбөғбөғбөғбөғбөғбөғбөғбөғбөғбөғбөғбөғбөғбөғбөғбөғбөғбөғбөғбөғбөғбөғбөғбөғбөғбөғбөғбөғбөғбөғбөғбөғбөғбөғбөғбөғбөғбөғбөғпҝҪ
sei,ВЎheecx atjoj!,ich abkГјhle.,ih abkГјhle.
sei,haamjГ¶ Гӯstalca coi hsiicasim haa hi.,am peste acest cacui secasimai,a! pte acest caazi secasimai
sei,"ihptahaapl, ihpyГӯxona.",ОөПҖП„О¬ О¬ПҖП„П…ПҖО· ПҮПҺОҪОұ.,ОөПҖП„О¬ О¬ПҖП„П…ПҖО· ПҮПҺОҪОұ.
sei,he haaco hpyomama.,e a coppia mamma,ee a! coopa caama
sei,"hataai coi ptiiqui itoocta, cooil quih iyexl.",м•Ҳл…•,a!
sei,xiica cГЎnoloj tamocat hizi mahГЎcatj.,бёҚ бёҚ бёҚ бёҚ бёҚ бёҚ бёҚ бёҚ бёҚ бёҚ бёҚ бёҚ бёҚ бёҚ бёҚ бёҚ бёҚ бёҚ бёҚ бёҚ бёҚ бёҚ бёҚ бёҚ бёҚ бёҚ бёҚ бёҚ бёҚ бёҚ бёҚ бёҚ бёҚ бёҚ бёҚ бёҚ бёҚ бёҚ бёҚ бёҚ бёҚ бёҚ пҝҪ,z z z z z z z z z z z z z z z z z z z z z z z z z z z z z z z z z z z z z z z z z z z
sei,inol cap cГ¶quiij iha.,innoskapkuji hiГӨ.,innoskapkuji hi.
sei,"haas ixaai cГ¶micazlil hac miixaj quih pinej ta x, ma hsacГЎzatol aha.",бёҚбёҚбёҚбёҚбёҚбёҚбёҚбёҚбёҚбёҚбёҚбёҚбёҚбёҚбёҚбёҚбёҚбёҚбёҚбёҚбёҚбёҚбёҚбёҚбёҚбёҚбёҚбёҚбёҚбёҚбёҚбёҚбёҚбёҚбёҚбёҚбёҚбёҚбёҚбёҚбёҚбёҚпҝҪ,бёҚбёҚбёҚбёҚбёҚбёҚбёҚбёҚбёҚбёҚбёҚбёҚбёҚбёҚбёҚбёҚбёҚбёҚбёҚбёҚбёҚбёҚбёҚбёҚбёҚбёҚбёҚбёҚбёҚбёҚбёҚбёҚбёҚбёҚбёҚбёҚбёҚбёҚбёҚбёҚбёҚбёҚпҝҪ
sei,ВЎhiiqui hiin!,hehehehe,hehehehe
sei,Вҝhaaco cop cГ¶itayaxi?,"ВЎah, cogo puta viaje!",ah ccooo ata viaje!
sei,icozim cop hax cГ¶iifp oo cГ¶quiih iha.,y coger un poco de agua,z coger an pooco ee aa
sei,"ctam, ВЎaih!",bye!,bye!
sei,xaa misqueetx aha.,ha misket ha,ha misket ha
sei,"cmaacoj quij itaaij iizc com itxГЎp, itanoohcГ¶, ano mxaap.",makokit itayis ko mitha. itano ano ang nga.,"makokit itaai, oo iha. ano ano an aha."
sei,hizac iti hiifp tomcoj cohpxaah.,ЩҲЩҠШҙШәЩ„ ШҘЩҠЩҒ Ш·Щ…Шә ЩғШЁШӯШ©,ЩҲЩҠШҙШәЩ„ ШҘЩҠЩҒ Ш·Щ…Шә ЩғШЁШӯШ©
sei,"zixquisiil cop ziix coaatjГ¶ quij itcГЎpx, imozГӯt quij oyacj quih iite ma, iyoohit.","se refiere a la cuarta, que es que estГЎ abajo. y no se refiere, o ya refiere mГЎs.","ee refiere a! aa cuarta, ee ee ee antГЎ abajo. z ano ee refiere, oo aa refiere ma."
sei,hitj cap yomoosni.,"Рё СӮРёС…Рҫ, РәР°Рә С‘РјРҫР·РҪСӢР№.","z СӮРёС…Рҫ, РәР°Рә С‘РјРҫР·РҪСӢР№."
sei,Вҝpac itacГ¶toj?,РҝРҫРіРё СӮР°Рә СӮРҫ.,РҝРҫРіРё СӮР°Рә ha.
sei,"ВҝzГі cyaxi chaaya, tquiilo?",ВЎsopia jaiatilo!,ВЎsopia jaiatilo!
sei,Вҝitcazx?,аӨҮаӨӨ аӨ•аӨҫаӨ¶,a! аӨ•аӨҫаӨ¶
sei,ВЎmos zo hmoozi!,"РјРҫСҲР°, РјРҫСҲРё.","РјРҫСҲР°, РјРҫСҲРё."
sei,"taax hapocooo x, cГ¶hasmiipla aha.","tag apukor, wasmi pula","ta apukor, wasmi cola"
sei,ctam imitГіm quih yoofp.,ktammin mitungin jo,ktammin mitungin oo
sei,ВЎcafee an ipaztoj quij hamГЎc iti hcaaix!,бёҚбөғбөғбөғбөғбөғбөғбөғбөғбөғбөғбөғбөғбөғбөғбөғбөғбөғбөғбөғбөғбөғбөғбөғбөғбөғбөғбөғбөғбөғбөғбөғбөғбөғбөғбөғбөғбөғбөғбөғбөғбөғпҝҪ,бёҚбөғбөғбөғбөғбөғбөғбөғбөғбөғбөғбөғбөғбөғбөғбөғбөғбөғбөғбөғбөғбөғбөғбөғбөғбөғбөғбөғбөғбөғбөғбөғбөғбөғбөғбөғбөғбөғбөғбөғбөғбөғпҝҪ
sei,misoj me yapxazl.,ЧһЧЎЧ•Ч— ЧһЧҷЧҷЧңЧ” ЧӨЧ—Ч©ЧӘЧҷ,ЧһЧЎЧ•Ч— ЧһЧҷЧҷЧңЧ” ЧӨЧ—Ч©ЧӘЧҷ
sei,itoj quih hax yinГіpasoj oo.,y toque ajino pasojo,z coquГ© ano hasoj
sei,"heme cГ¶iquiin hac ziix quih hayaa quih hipi seehe cГ¶hapГЎ, taax oo speque aha.",en mi cuidad de la vida que se ha hecho para estar pequeГұa,an ai cuidad ee aa hita ee ee ha haaho aa estar pequeГұa
sei,hant iti hayaii hizac cГ¶hayitooij.,ЩҲШ§ЩҶШӘ Ш§ЩҠЩҮШ§ Ш§Щ„ШҙЩғ ЩҲЩҠШӘЩҲШҙ,ЩҲШ§ЩҶШӘ Ш§ЩҠЩҮШ§ Ш§Щ„ШҙЩғ ЩҲЩҠШӘЩҲШҙ
sei,Вҝintacaacat?,гҒ„гӮ“гҒ гҒӢгғјгҒӢгҒЈгҒҰ,гҒ„гӮ“гҒ гҒӢгғјгҒӢгҒЈгҒҰ
sei,he ziix z imiihj iha.,"ЧҗЧ©ЧҷЧҡ Ч©ЧһЧҷ, Ч”ЧҷЧҗ.","ЧҗЧ©ЧҷЧҡ Ч©ЧһЧҷ, Ч”ЧҷЧҗ."
sei,hoficj coopol quih cmaax queejim iha.,"ВЎoficial, por si cuarte es y me ha!","ВЎoficial, coi ai cuarte ee z me a!"
sei,yГ©cyaroj coi caaytaj coi imapГЎncojc.,"ya quiero cuy, que hay tal cuy y ma pango","aa quiso cuy, ee ha aal ca z ma ano"
sei,"coi tmaaitom ipi, ihipon iyipix.",бһ“бҹ’бҹ’бҹ’бҹ’бҹ’бҹ’бҹ’бҹ’бҹ’бҹ’бҹ’бҹ’бҹ’бҹ’бҹ’бҹ’бҹ’бҹ’бҹ’бҹ’бҹ’бҹ’бҹ’бҹ’бҹ’бҹ’бҹ’бҹ’бҹ’бҹ’бҹ’бҹ’бҹ’бҹ’бҹ’бҹ’бҹ’бҹ’бҹ’бҹ’бҹ’пҝҪ,бһ“бҹ’бҹ’бҹ’бҹ’бҹ’бҹ’бҹ’бҹ’бҹ’бҹ’бҹ’бҹ’бҹ’бҹ’бҹ’бҹ’бҹ’бҹ’бҹ’бҹ’бҹ’бҹ’бҹ’бҹ’бҹ’бҹ’бҹ’бҹ’бҹ’бҹ’бҹ’бҹ’бҹ’бҹ’бҹ’бҹ’бҹ’бҹ’бҹ’бҹ’бҹ’пҝҪ
sei,"hacat cmaam zo htaho, iisax quihiih cah cohtatni, toii cohyaaipj.",бһҚбҹ’бҹ’бҹ’бҹ’бҹ’бҹ’бҹ’бҹ’бҹ’бҹ’бҹ’бҹ’бҹ’бҹ’бҹ’бҹ’бҹ’бҹ’бҹ’бҹ’бҹ’бҹ’бҹ’бҹ’бҹ’бҹ’бҹ’бҹ’бҹ’бҹ’бҹ’бҹ’бҹ’бҹ’бҹ’бҹ’бҹ’бҹ’бҹ’бҹ’бҹ’пҝҪ,бһҚбҹ’бҹ’бҹ’бҹ’бҹ’бҹ’бҹ’бҹ’бҹ’бҹ’бҹ’бҹ’бҹ’бҹ’бҹ’бҹ’бҹ’бҹ’бҹ’бҹ’бҹ’бҹ’бҹ’бҹ’бҹ’бҹ’бҹ’бҹ’бҹ’бҹ’бҹ’бҹ’бҹ’бҹ’бҹ’бҹ’бҹ’бҹ’бҹ’бҹ’бҹ’пҝҪ
sei,oo.,ooooo,ccooo
sei,xepe quih ooxquim timoca hin iyahiyat.,ВЎjeppe que ojen de muka! ВЎinni ya y ya!,ВЎjeppe ee peen ee muka! ВЎiti aa z a!
sei,hamcanoiin quih hax xaaxat oo.,"Р°РјРіР°РҪРҫРІРёРҪРіРё, Р°С…Р°С…Р°С…Р°СӮРҫ.","Р°РјРіР°РҪРҫРІРёРҪРіРё, Р°С…Р°С…Р°С…Р°СӮРҫ."
sei,"canoaataj he ipazlca com xaa hapaaipt ta x, mos ihmaa pac isiimlajc aha.","kanuatak e pa silka kong haapay takh, mo si imaapak e izimlah ka ah.","kanuatak ee aa silka kong haapa ta, ma ai imaapak ee izimlah aa ah"
sei,ziix he xacoaat.,Ч©ЧҷЧЁ ЧўЧ’Ч•ЧўЧӘ,Ч©ЧҷЧЁ ЧўЧ’Ч•ЧўЧӘ
sei,"ilГӯt quij ittГЎnala x, tГЎsaquim x, hant quih iti miij.",бһҚбҹ’бҹ’бҹ’бҹ’бҹ’бҹ’бҹ’бҹ’бҹ’бҹ’бҹ’бҹ’бҹ’бҹ’бҹ’бҹ’бҹ’бҹ’бҹ’бҹ’бҹ’бҹ’бҹ’бҹ’бҹ’бҹ’бҹ’бҹ’бҹ’бҹ’бҹ’бҹ’бҹ’бҹ’бҹ’бҹ’бҹ’бҹ’бҹ’бҹ’бҹ’пҝҪ,бһҚбҹ’бҹ’бҹ’бҹ’бҹ’бҹ’бҹ’бҹ’бҹ’бҹ’бҹ’бҹ’бҹ’бҹ’бҹ’бҹ’бҹ’бҹ’бҹ’бҹ’бҹ’бҹ’бҹ’бҹ’бҹ’бҹ’бҹ’бҹ’бҹ’бҹ’бҹ’бҹ’бҹ’бҹ’бҹ’бҹ’бҹ’бҹ’бҹ’бҹ’бҹ’пҝҪ
sei,himita ha.,and metta,an metta
sei,"ctam, tiix ziix cmiipla quih toii iyahoocp.",бҹ’ бҹ’ бҹ’ бҹ’ бҹ’ бҹ’ бҹ’ бҹ’ бҹ’ бҹ’ бҹ’ бҹ’ бҹ’ бҹ’ бҹ’ бҹ’ бҹ’ бҹ’ бҹ’ бҹ’ бҹ’ бҹ’ бҹ’ бҹ’ бҹ’ бҹ’ бҹ’ бҹ’ бҹ’ бҹ’ бҹ’ бҹ’ бҹ’ бҹ’ бҹ’ бҹ’ бҹ’ бҹ’ бҹ’ бҹ’ бҹ’ бҹ’ пҝҪ,z z z z z z z z z z z z z z z z z z z z z z z z z z z z z z z z z z z z z z z z z z z
sei,"tiimotoj toc cГ¶toii, yoque.",tein muotohto joke.,hin muotohto joke.
sei,"hax thoopatj oo ma, canoaa z ano hatahca ma, hanso hizi iicanij cah hayoozcam.",бёҚбөғбөғбөғбөғбөғбөғбөғбөғбөғбөғбөғбөғбөғбөғбөғбөғбөғбөғбөғбөғбөғбөғбөғбөғбөғбөғбөғбөғбөғбөғбөғбөғбөғбөғбөғбөғбөғбөғбөғбөғбөғпҝҪ,бёҚбөғбөғбөғбөғбөғбөғбөғбөғбөғбөғбөғбөғбөғбөғбөғбөғбөғбөғбөғбөғбөғбөғбөғбөғбөғбөғбөғбөғбөғбөғбөғбөғбөғбөғбөғбөғбөғбөғбөғбөғбөғпҝҪ
sei,"cmaam quij toop, ziix quih an iic cГ¶miipe.","wann ich ob, ist der reh an der kuipe.","an ih ha, is ee ah an ee kuipe."
sei,ВҝzГі zaahya itizaah?,иҜҙдёҖдёӢ е·Із»ҸжҳҜ,иҜҙдёҖдёӢ е·Із»ҸжҳҜ
sei,Вҝxicaquiziil coi hant cГ¶somГӯxojoj queeya?,бёҘa бёҘa бёҘa бёҘa бёҘa бёҘa бёҘa бёҘa бёҘa бёҘa бёҘa бёҘa бёҘa бёҘa бёҘa бёҘa бёҘa бёҘa бёҘa бёҘa бёҘa бёҘa бёҘa бёҘa бёҘa бёҘa бёҘa бёҘa бёҘa бёҘa бёҘa бёҘa,aa aa aa aa aa aa aa aa aa aa aa aa aa aa aa aa aa aa aa aa aa aa aa aa aa aa aa aa aa aa aa aa
sei,ihpyohaait.,hippie-o-ait,hippie-o-ait
sei,queelx caacoj quih canoaa cheel quih iica coom iha.,"keskka kuhki, kanua keski ja kakomia.","keskka kuhki, kanua keski aa kakomia."
sei,ihyaazi quih iiqui hpyaapca.,бһҚбҹ’бҹ’бҹ’бҹ’бҹ’бҹ’бҹ’бҹ’бҹ’бҹ’бҹ’бҹ’бҹ’бҹ’бҹ’бҹ’бҹ’бҹ’бҹ’бҹ’бҹ’бҹ’бҹ’бҹ’бҹ’бҹ’бҹ’бҹ’бҹ’бҹ’бҹ’бҹ’бҹ’бҹ’бҹ’бҹ’бҹ’бҹ’бҹ’бҹ’бҹ’пҝҪ,бһҚбҹ’бҹ’бҹ’бҹ’бҹ’бҹ’бҹ’бҹ’бҹ’бҹ’бҹ’бҹ’бҹ’бҹ’бҹ’бҹ’бҹ’бҹ’бҹ’бҹ’бҹ’бҹ’бҹ’бҹ’бҹ’бҹ’бҹ’бҹ’бҹ’бҹ’бҹ’бҹ’бҹ’бҹ’бҹ’бҹ’бҹ’бҹ’бҹ’бҹ’бҹ’пҝҪ
sei,he iicp me hpyooitom.,"e aГӯ, me apiou, e tu?","ee a! me apiou, ee itГЎ?"
sei,ВҝzГі ma htai?,ШҙЩҲ Щ…ШЈШӘШ§ЩҠ,a! Щ…ШЈШӘШ§ЩҠ
sei,hamazaj quij mitacl hac ano quiij iha.,"amasya hindi, meda kala kanogiyahia.","aasa hindi, ma aa kanogiyahia."
sei,"sahmees caacГ¶l pac he itГЎmlajc ma, ano hmeemjГ¶c.","sama sekali, saya akan pakai tameran kemahannya.","saa sekali, saa aa yaai tameran kemahannya."
sei,"ta x, spaii aha.","СӮР°Рә, СҒРҝР°СҸ.","СӮР°Рә, СҒРҝР°СҸ."
sei,"xiica hapahit hoyaat quih teme ma, haxoj cГ¶tootij ma, haxГ¶l hatapt, hayooitoj.",бҪҒ бҪҒ бҪҒ бҪҒ бҪҒ бҪҒ бҪҒ бҪҒ бҪҒ бҪҒ бҪҒ бҪҒ бҪҒ бҪҒ бҪҒ бҪҒ бҪҒ бҪҒ бҪҒ бҪҒ бҪҒ бҪҒ бҪҒ бҪҒ бҪҒ бҪҒ бҪҒ бҪҒ бҪҒ бҪҒ бҪҒ бҪҒ бҪҒ бҪҒ бҪҒ бҪҒ бҪҒ бҪҒ бҪҒ бҪҒ бҪҒ бҪҒ пҝҪ,z z z z z z z z z z z z z z z z z z z z z z z z z z z z z z z z z z z z z z z z z z z
sei,"haxz cop miist quij hantaxl haquix cГ¶tap ma, miist quij yajoz.",бёҚбёҚбёҚбёҚбёҚбёҚбёҚбёҚбёҚбёҚбёҚбёҚбёҚбёҚбёҚбёҚбёҚбёҚбёҚбёҚбёҚбёҚбёҚбёҚбёҚбёҚбёҚбёҚбёҚбёҚбёҚбёҚбёҚбёҚбёҚбёҚбёҚбёҚбёҚбёҚбёҚбёҚпҝҪ,бёҚбёҚбёҚбёҚбёҚбёҚбёҚбёҚбёҚбёҚбёҚбёҚбёҚбёҚбёҚбёҚбёҚбёҚбёҚбёҚбёҚбёҚбёҚбёҚбёҚбёҚбёҚбёҚбёҚбёҚбёҚбёҚбёҚбёҚбёҚбёҚбёҚбёҚбёҚбёҚбёҚбёҚпҝҪ
sei,Вҝhaac intapaspx?,aquГӯ no pasa,aquГӯ ano aasa
sei,ВЎiti azГЎm!,itti ГӨsken.,iti ГӨsken.
sei,iicp me caticpan iha.,аӨҮаӨ• аӨ®аҘҮаӨӮ аӨ•аӨҫ аӨҰаӨҝаӨ– аӨӘаӨЁаҘҚаӨҜаӨҫ,a! аӨ®аҘҮаӨӮ a! аӨҰаӨҝаӨ– аӨӘаӨЁаҘҚаӨҜаӨҫ
sei,tiix iti cГ¶isyГЎx haa hi.,"tД«rreti, guztie, tДҒ ir.","tД«rreti, guztie, ta ha."
sei,haptco hpmoneaax.,"abdukku, monyak","abdukku, monyak"
sei,"ВЎziix quiisax ihmaa quij impooho x, iquiisax quih quiipe quih iiqui hqueetx!",i'm not a child. i'm a mother. i'm a child. i'm a mother. i'm a child. i'm a mother. i'm a mother. i'm a mother. i'm a mother. i'm a mother. i'm a mother. i'm a mother. i'm a mother. i'm a mother. i'm a mother. i'm a mother. i'm a mother. i'm a mother. i'm a mother. i'm a mother. i'm a mother. i'm a mother. i'm a mother. i'm a mother. i'm a mother. i'm,com nt a! child. com a! mother. com a! child. com a! mother. com a! child. com a! mother. com a! mother. com a! mother. com a! mother. com a! mother. com a! mother. com a! mother. com a! mother. com a! mother. com a! mother. com a! mother. com a! mother. com a! mother. com a! mother. com a! mother. com a! mother. com a! mother. com a! mother. com a! mother. com a! mother. com
sei,me hsiimjc aha.,thank you.,thanl ho.
sei,micaamiz quih xohaait.,ЧһЧӣЧҹ ЧһЧ©Ч§Ч—Ч• ЧўЧҷЧӘ,ЧһЧӣЧҹ ЧһЧ©Ч§Ч—Ч• ЧўЧҷЧӘ
sei,ВЎcoocj xah capxa camjc!,ШЈШ®Ш§Щғ ШЈШЁШ®Ш§ЩҮШ§ ЩӮШ§Щ…ШӘ,ШЈШ®Ш§Щғ ШЈШЁШ®Ш§ЩҮШ§ ЩӮШ§Щ…ШӘ
sei,haquejГ¶c pac ihsanoocaj haa hi.,a que es que es a no cari,a! ee ee ee ee a! ano ai
sei,hiiqui yoopca.,ikki jopa.,iizi jopa.
sei,hax cop hehe an icaaij quij iti cГ¶yajoz.,ОұПҮ ОәОҝПҖОӯ ОөОұОҪО№ОәО¬ О· П„О· ОҙО№ОәО№О¬ ПҮПҺПғ,a! ОәОҝПҖОӯ ОөОұОҪО№ОәО¬ z a! ОҙО№ОәО№О¬ ПҮПҺПғ
sei,"Вҝan icojiit zo hapacta pte hpaainim ta, cГ¶sihmeel haaya?",y aquГӯ hay un poco de agua que se va a poner,z aquГӯ ha an pooco ee aa ee ee aa a! pinej
sei,ВЎhalx xah mГЎГЎpl!,ШЈШіШ®Ш© Щ…Ш§ШЁШі,ШЈШіШ®Ш© Щ…Ш§ШЁШі
sei,"zixquisiil yaazi quih itsanj, ata quih cГ¶iyaaix.","СҮРөС…РәРё СҒРөР№СҲРәРё, СҲРёРәРё, РҝРёСҶСҶР°РҪСӢ, Р°СӮР°РәРё, РіСғСҸРөРІ.","СҮРөС…РәРё СҒРөР№СҲРәРё, СҲРёРәРё, РҝРёСҶСҶР°РҪСӢ, Р°СӮР°РәРё, РіСғСҸРөРІ."
sei,"hacat cmaam zo cohtatni ma, hitГӯs he iyocazit.",бһҚбҹ’бҹ’бҹ’бҹ’бҹ’бҹ’бҹ’бҹ’бҹ’бҹ’бҹ’бҹ’бҹ’бҹ’бҹ’бҹ’бҹ’бҹ’бҹ’бҹ’бҹ’бҹ’бҹ’бҹ’бҹ’бҹ’бҹ’бҹ’бҹ’бҹ’бҹ’бҹ’бҹ’бҹ’бҹ’бҹ’бҹ’бҹ’бҹ’бҹ’бҹ’пҝҪ,бһҚбҹ’бҹ’бҹ’бҹ’бҹ’бҹ’бҹ’бҹ’бҹ’бҹ’бҹ’бҹ’бҹ’бҹ’бҹ’бҹ’бҹ’бҹ’бҹ’бҹ’бҹ’бҹ’бҹ’бҹ’бҹ’бҹ’бҹ’бҹ’бҹ’бҹ’бҹ’бҹ’бҹ’бҹ’бҹ’бҹ’бҹ’бҹ’бҹ’бҹ’бҹ’пҝҪ
sei,Вҝcanoaa aapaya?,kanua apa ya,kanua apa aa
sei,trooqui hax ai imahii oo zo hyexl.,troque a jaima y shoyes,trooqui a! caama z shoyes
sei,"cmajiic coi hant seenel hapГЎh hac ano toii, anxГ¶ xГ¶asi.","buen dГӯa, amiguitos.","juan ha, amiguitos."
sei,cmaax hehe an icaaij ihyaa quij iteen hac ihszaaij aha.,Ч•Ч—ЧўЧЁ ЧўЧ ЧҷЧ§Ч” ЧҗЧҷЧҷЧ” ЧӣЧҗЧҷЧӘЧҹ Ч Ч§ Ч©ЧҷЧҷЧ”,Ч•Ч—ЧўЧЁ ЧўЧ ЧҷЧ§Ч” ЧҗЧҷЧҷЧ” ЧӣЧҗЧҷЧӘЧҹ a! Ч©ЧҷЧҷЧ”
sei,taax icaaitom imiipe ha.,СӮР°Рә Рё РәР°Р№СӮРҫРј РёРјРөРҝРёСҸ.,СӮР°Рә z РәР°Р№СӮРҫРј РёРјРөРҝРёСҸ.
sei,zixquisiil quij hizac iti hcaaix saalim.,"Ч’ЧҷЧЎЧҷЧҷЧңЧҳЧҷЧ§, ЧҗЧҷЧ© Ч©Ч’ЧҷЧҳЧҷЧ§Ч” ЧҗЧҷЧҡ Ч©ЧҗЧңЧҷЧқ.","Ч’ЧҷЧЎЧҷЧҷЧңЧҳЧҷЧ§, ЧҗЧҷЧ© Ч©Ч’ЧҷЧҳЧҷЧ§Ч” ЧҗЧҷЧҡ Ч©ЧҗЧңЧҷЧқ."
sei,yaticpan quih iiqui croocГ¶ iha.,"ya, tik panji, kita ok.","ha, ai panji, hita oo."
sei,pablo quih hant he yoiis.,pablo y joyce,pablo z joyce
sei,ano hihitj quih haat ix pac iyotopl.,бёҚбёҚбёҚбёҚбёҚбёҚбёҚбёҚбёҚбёҚбёҚбёҚбёҚбёҚбёҚбёҚбёҚбёҚбёҚбёҚбёҚбёҚбёҚбёҚбёҚбёҚбёҚбёҚбёҚбёҚбёҚбёҚбёҚбёҚбёҚбёҚбёҚбёҚбёҚбёҚбёҚбёҚпҝҪ,бёҚбёҚбёҚбёҚбёҚбёҚбёҚбёҚбёҚбёҚбёҚбёҚбёҚбёҚбёҚбёҚбёҚбёҚбёҚбёҚбёҚбёҚбёҚбёҚбёҚбёҚбёҚбёҚбёҚбёҚбёҚбёҚбёҚбёҚбёҚбёҚбёҚбёҚбёҚбёҚбёҚбёҚпҝҪ
sei,he zixcГЎm zo quihit iha.,y ahora vamos a hacer el chocГіn,z hohra aamo a! hac ee chocГіn
sei,iti hmiiha quij ihsanzaait aha.,ini adalah kisah yang saya mencari,iti adalah iisax an saa mencari
sei,eenim cosi quih hant ihyoocatx.,бёҚбөғ бёҚбөғ бёҚбөғ бёҚбөғ бёҚбөғ бёҚбөғ бёҚбөғ бёҚбөғ бёҚбөғ бёҚбөғ бёҚбөғ бёҚбөғ бёҚбөғ бёҚбөғ бёҚбөғ бёҚбөғ бёҚбөғ бёҚбөғ бёҚбөғ бёҚбөғ бёҚбөғ пҝҪ,a! a! a! a! a! a! a! a! a! a! a! a! a! a! a! a! a! a! a! a! a! z
sei,ziix zo cГ¶iyozaxГ¶.,ШҙЫҢШ® ШҙЩҲ ЪҜЩҲЫҢЩҲ ШҙШ§ЩӮ,ШҙЫҢШ® a! ЪҜЩҲЫҢЩҲ ШҙШ§ЩӮ
sei,yaaco cop xitaj.,СҸ РәРҫРіРҫ-СӮРҫ СӮР°Рә...,z РәРҫРіРҫ-СӮРҫ СӮР°Рә...
sei,ВЎhaa xah iifp quih tahГЎtГ xo a!,"ajГЎ, y quita, brajoa.","ajГЎ, z quizaj brajoa."
sei,eenim quiix quij mineehj.,ich nehme jetzt meine...,ih hehe jetzt meine...
sei,iihax yaticpan.,thank you.,thanl ho.
sei,tiix oose caha.,dich aussegert.,ih aussegert.
sei,sahmees coi quipxa hiiqui hcaail.,salut!,salut!
sei,cola yinol.,korostaa jemmina.,korostaa jemmina.
sei,hehe cop hant cГ¶yoop.,гҒҲгҖҒгҒҲгҒ”гҖҒгҒӮгӮ“гҖҒгҒҚгӮҮгҒҶгҖҒгҒ”,гҒҲгҖҒгҒҲгҒ”гҖҒгҒӮгӮ“гҖҒгҒҚгӮҮгҒҶгҖҒгҒ”
sei,haaco quih an hac xicopol.,бёҚбҙҖ бёҚбҙҖ бёҚбҙҖ бёҚбҙҖ бёҚбҙҖ бёҚбҙҖ бёҚбҙҖ бёҚбҙҖ бёҚбҙҖ бёҚбҙҖ бёҚбҙҖ бёҚбҙҖ бёҚбҙҖ бёҚбҙҖ бёҚбҙҖ бёҚбҙҖ бёҚбҙҖ бёҚбҙҖ бёҚбҙҖ бёҚбҙҖ бёҚбҙҖ пҝҪ,a! a! a! a! a! a! a! a! a! a! a! a! a! a! a! a! a! a! a! a! a! z
sei,hihiim yoheemt.,"he im you, and","he him yax, an"
sei,Вҝpnaacojya itqueezi?,РҪР° РәСғС…РҪРө Рё РәРөСҲРё.,a! РәСғС…РҪРө z РәРөСҲРё.
sei,hap quih ziix ccam coquГ© ha.,Р°РұРәРөСҖР·РөРәР°Рј РәСғРәРөР°,Р°РұРәРөСҖР·РөРәР°Рј РәСғРәРөР°
sei,he hant ihamizj quih miti quiso ha.,ЩҲЩҶШӯЩҶ ЩҶШӯЩҶ ЩҶШӯЩҶ ЩҶШӯЩҶ ЩҶШӯЩҶ ЩҶШӯЩҶ ЩҶШӯЩҶ ЩҶШӯЩҶ ЩҶШӯЩҶ ЩҶШӯЩҶ ЩҶШӯЩҶ ЩҶШӯЩҶ ЩҶШӯЩҶ ЩҶШӯЩҶ ЩҶШӯЩҶ ЩҶШӯЩҶ ЩҶШӯЩҶ ЩҶШӯЩҶ ЩҶШӯЩҶ ЩҶШӯЩҶ ЩҶШӯЩҶ ЩҶШӯЩҶ ЩҶШӯЩҶ ЩҶШӯЩҶ ЩҶШӯЩҶ ЩҶШӯЩҶ ЩҶШӯЩҶ ЩҶШӯЩҶ ЩҶШӯЩҶ ЩҶШӯЩҶ ЩҶШӯЩҶ ЩҶШӯЩҶ ЩҶШӯЩҶ ЩҶШӯЩҶ ЩҶШӯЩҶ ЩҶШӯЩҶ ЩҶШӯЩҶ ЩҶШӯЩҶ ЩҶШӯЩҶ ЩҶШӯЩҶ ЩҶШӯЩҶ ЩҶШӯЩҶ ЩҶ,ЩҲЩҶШӯЩҶ ЩҶШӯЩҶ ЩҶШӯЩҶ ЩҶШӯЩҶ ЩҶШӯЩҶ ЩҶШӯЩҶ ЩҶШӯЩҶ ЩҶШӯЩҶ ЩҶШӯЩҶ ЩҶШӯЩҶ ЩҶШӯЩҶ ЩҶШӯЩҶ ЩҶШӯЩҶ ЩҶШӯЩҶ ЩҶШӯЩҶ ЩҶШӯЩҶ ЩҶШӯЩҶ ЩҶШӯЩҶ ЩҶШӯЩҶ ЩҶШӯЩҶ ЩҶШӯЩҶ ЩҶШӯЩҶ ЩҶШӯЩҶ ЩҶШӯЩҶ ЩҶШӯЩҶ ЩҶШӯЩҶ ЩҶШӯЩҶ ЩҶШӯЩҶ ЩҶШӯЩҶ ЩҶШӯЩҶ ЩҶШӯЩҶ ЩҶШӯЩҶ ЩҶШӯЩҶ ЩҶШӯЩҶ ЩҶШӯЩҶ ЩҶШӯЩҶ ЩҶШӯЩҶ ЩҶШӯЩҶ ЩҶШӯЩҶ ЩҶШӯЩҶ ЩҶШӯЩҶ ЩҶШӯЩҶ z
sei,Вҝme hamГЎc iica siij queeya?,me ama que casi es que ella,me aa ee cosi ee ee cola
sei,saa xaha tamoz ihaacoj ГЎa xac.,sГЎjate a tammos y acoja a haja.,sГЎjate a! tamoz z coha a! aha.
sei,hapequet zo hyiiquet.,apeccho y yekit,apeccho z yaait
sei,"caay quih itooit coi cГ¶tfit, cola yinl.",kaigi itoitkoi tweetkossain.,yaii itoitkoi tweetkossain.
sei,Вҝihpthaxz?,c'est parti!,cmeet parti!
sei,iij quiih tazo quih hsiisx haa hi.,бһҚ бһҚ бһҚ бһҚ бһҚ бһҚ бһҚ бһҚ бһҚ бһҚ бһҚ бһҚ бһҚ бһҚ бһҚ бһҚ бһҚ бһҚ бһҚ бһҚ бһҚ бһҚ бһҚ бһҚ бһҚ бһҚ бһҚ бһҚ бһҚ бһҚ бһҚ бһҚ бһҚ бһҚ бһҚ бһҚ бһҚ бһҚ бһҚ бһҚ бһҚ бһҚ пҝҪ,z z z z z z z z z z z z z z z z z z z z z z z z z z z z z z z z z z z z z z z z z z z
sei,izcapxla hac an iyooxquim.,"РёС… РәР°РҝСҒС…Р°РәР°, Р° РҪРө Р№РҫРіРәРё.","a! РәР°РҝСҒС…Р°РәР°, z a! Р№РҫРіРәРё."
sei,Вҝmihiisax com haa cotom?,ЧһЧ–ЧҷЧЎЧҡ Ч§Ч•Чқ ЧҗЧўЧ’Ч•ЧӘЧ•Чқ,ЧһЧ–ЧҷЧЎЧҡ Ч§Ч•Чқ ЧҗЧўЧ’Ч•ЧӘЧ•Чқ
sei,imiipla iiha quih hant tazo miime.,"ЧҗЧҷЧһЧҷ ЧӨЧңЧҷЧҷ ЧҗЧЁЧҷ, ЧҗЧ ЧҳЧ” Ч©Ч•ЧһЧҷ ЧҗЧҷЧһЧҷ","ЧҗЧҷЧһЧҷ ЧӨЧңЧҷЧҷ ЧҗЧЁЧҷ, ЧҗЧ ЧҳЧ” Ч©Ч•ЧһЧҷ ЧҗЧҷЧһЧҷ"
sei,ihatalhaa hmiimzo.,ja tГӨtГӨ laa miimmin.,aa tГӨtГӨ aa miimmin.
sei,Вҝziix z iij cГ¶mita?,"schГ¶Г¶ch, euch gutten.","schГ¶Г¶ch, quih gutten."
sei,Вҝzixquisiil quih imГЎm inaail quij itacoml?,СҲРёСҖРәРёСҒРөР»СҢРәРё Рё РјР°РјРјРёРҪР°Р»СҢРәРё Рё СӮР°РәРҫРј.,СҲРёСҖРәРёСҒРөР»СҢРәРё z РјР°РјРјРёРҪР°Р»СҢРәРё z СӮР°РәРҫРј.
sei,"cmoqueepe quij iisax com cГ¶camsisiin zo haa piij, iihax isaai aha.",бёҚ бёҚ бёҚ бёҚ бёҚ бёҚ бёҚ бёҚ бёҚ бёҚ бёҚ бёҚ бёҚ бёҚ бёҚ бёҚ бёҚ бёҚ бёҚ бёҚ бёҚ бёҚ бёҚ бёҚ бёҚ бёҚ бёҚ бёҚ бёҚ бёҚ бёҚ бёҚ бёҚ бёҚ бёҚ бёҚ бёҚ бёҚ бёҚ бёҚ бёҚ бёҚ пҝҪ,z z z z z z z z z z z z z z z z z z z z z z z z z z z z z z z z z z z z z z z z z z z
sei,xiica is cquihjГ¶ hamcanoiin quij ano coii coi mootxГ¶quij.,С…Р°Р№РәР°СҒРәРёС… Р°РҪРіРҫРҪРҫРјРҪСӢС… Р°РҪРҫРәСғР№РұРҫР№ РјСғРҙСҖСӢС….,С…Р°Р№РәР°СҒРәРёС… Р°РҪРіРҫРҪРҫРјРҪСӢС… Р°РҪРҫРәСғР№РұРҫР№ РјСғРҙСҖСӢС….
sei,Вҝminzaai cГ¶smiizj haaya?,"minsai, smieszaja","minsai, smieszaja"
sei,comcaac ctamcГ¶ coi haptco antГЎ xah miizcam.,бёҚgag tam kui aptko andaha mishkam.,бёҚgag ctam ai haptco andaha mishkam.
sei,"hapaspoj yaa quih itapatjc, iyacaaitom.",ОұПҖОұПғПҖОҝПҮО№О¬ОәО№ О® П„Оұ ПҖОұП„ПҮО№ОұОәО¬О·П„ОҝОҪ.,ОұПҖОұПғПҖОҝПҮО№О¬ОәО№ z a! ПҖОұП„ПҮО№ОұОәО¬О·П„ОҝОҪ.
sei,icanoaa com cooil xah cheel xah cГ¶iyaaspoj.,y que no ha concluido el hackez hacke y aspor,z ee ano ha concluido ee hackez hac z aspor
sei,"ВЎsaa xah ha taa, anxГ¶ hapx iiquim ГЎa xah hac!",ШіШ§Ш®Ш© ШўШӘШ© ШЈЩҶШ® ШЈШЁШ®ЩҠ Ш¬Щ…Ш§Ш№Ш©,ШіШ§Ш®Ш© ШўШӘШ© ШЈЩҶШ® ШЈШЁШ®ЩҠ Ш¬Щ…Ш§Ш№Ш©
sei,"ee ha ГЎno yГЎzalca, ziix quih hant quih iti tahca ma x.",he ya anoyasas ka sychki anki di taga magha.,he aa anoyasas aa sychki ai ai taa aha.
sei,icaaspoj com hapaspoj hanoocaj quih coopa quij iic cГ¶ihiicot hac ano coom iha.,бёҚбөғбөғбөғбөғбөғбөғбөғбөғбөғбөғбөғбөғбөғбөғбөғбөғбөғбөғбөғбөғбөғбөғбөғбөғбөғбөғбөғбөғбөғбөғбөғбөғбөғбөғбөғбөғбөғбөғбөғбөғбөғпҝҪ,бёҚбөғбөғбөғбөғбөғбөғбөғбөғбөғбөғбөғбөғбөғбөғбөғбөғбөғбөғбөғбөғбөғбөғбөғбөғбөғбөғбөғбөғбөғбөғбөғбөғбөғбөғбөғбөғбөғбөғбөғбөғбөғпҝҪ
sei,"hant tomcoj cohtГЎh, icamГЎpxГ¶lilca quih iti cГ¶haya.",anthongokota ekama pkseska gytikwaiya,anthongokota caama pkseska gytikwaiya
sei,"ВҝzГі tpacta ma, ntanaaaij?","so, it's nice.",coi hitГӯs iime.
sei,Вҝme ГЎzya iyat intozГЎm?,may asia yakin dosam,ma aa yafin cosa
sei,"sahmees quih tatxo teete, immiimix.","ЧЎЧўЧһЧҗ Ч”ЧЎЧ§ЧҷЧҳЧ” ЧӘЧ—Ч•ЧӘЧӘЧҷ, ЧҷЧһЧҷ ЧһЧЁ.","ЧЎЧўЧһЧҗ Ч”ЧЎЧ§ЧҷЧҳЧ” ЧӘЧ—Ч•ЧӘЧӘЧҷ, ЧҷЧһЧҷ ha."
sei,me ziix quiipe z iti cosa caha.,mea shirkipa jitiko saga a,ma shirkipa jitiko saa a!
sei,"he hptinzaait, zixquisiil com ihtexl, ihyanoocaj.",бһңбҹ’бҹ’бҹ’бҹ’бҹ’бҹ’бҹ’бҹ’бҹ’бҹ’бҹ’бҹ’бҹ’бҹ’бҹ’бҹ’бҹ’бҹ’бҹ’бҹ’бҹ’бҹ’бҹ’бҹ’бҹ’бҹ’бҹ’бҹ’бҹ’бҹ’бҹ’бҹ’бҹ’бҹ’бҹ’бҹ’бҹ’бҹ’бҹ’бҹ’бҹ’пҝҪ,бһңбҹ’бҹ’бҹ’бҹ’бҹ’бҹ’бҹ’бҹ’бҹ’бҹ’бҹ’бҹ’бҹ’бҹ’бҹ’бҹ’бҹ’бҹ’бҹ’бҹ’бҹ’бҹ’бҹ’бҹ’бҹ’бҹ’бҹ’бҹ’бҹ’бҹ’бҹ’бҹ’бҹ’бҹ’бҹ’бҹ’бҹ’бҹ’бҹ’бҹ’бҹ’пҝҪ
sei,himcac iti miij.,"imca, que te mires.",himcac ee ee mires.
sei,cocsar ticop itaasi hac cohyomiiit.,"koksaatikko pitГӨГӨ se, ettГӨ jo miin.",koksaatikko pitГӨГӨ ee ettГӨ oo miih.
sei,"canoaa hyaai com iizax tazo teme ma, juan quih he tafp, hiihax itaai, iyateelot.",y,z
sei,"zixquisiil zo haquix piih ta x, inaail com popaaisx ta x, smihimz aha.","syhtyisin, ettГӨ se on kivpeet asin, ettГӨ olisi kumpu pГӨГӨstГӨ, jotenkin se ei ensГӨ ole.","syhtyisin, ettГӨ ee an kivpeet asin, ettГӨ olisi kumpu pГӨГӨstГӨ, jotenkin ee ai ensГӨ mee."
sei,"taalim ma, itoaa cop xpeemoja z ano cГ¶tapxГ¶lim ma, hant tfii ma, yahtaap.",tГӨГӨ semmГӨ ei toaa kun kappee muuhansa noktausemman antvema ja taap.,ta semmГӨ ai itoaa an kappee muuhansa noktausemman antvema aa taa.
sei,Вҝhin tmiiit?,inmate.,inmate.
sei,hacx somcamiih aha.,i'm coming,com comiix
sei,Вҝmiisax com coi ntcaail oo?,me llamo caelo.,me aamo caelo.
sei,toii ntihsoozi haa hi.,don't get so shit at me.,don't ee oo hi. a! ma.
sei,eenm an iquiijim quih haaco quih an hac ano yihiizat.,en maniquijin de a coca naca no diisat,an maniquijin ee a! coha aa ano hiisax
sei,"hanso ziix caziim quih pohaa ta, cГ¶spacta ha quih oo cГ¶tpacta ma, yacaalam iha.",бёҚбөғбөғбөғбөғбөғбөғбөғбөғбөғбөғбөғбөғбөғбөғбөғбөғбөғбөғбөғбөғбөғбөғбөғбөғбөғбөғбөғбөғбөғбөғбөғбөғбөғбөғбөғбөғбөғбөғбөғбөғбөғпҝҪ,бёҚбөғбөғбөғбөғбөғбөғбөғбөғбөғбөғбөғбөғбөғбөғбөғбөғбөғбөғбөғбөғбөғбөғбөғбөғбөғбөғбөғбөғбөғбөғбөғбөғбөғбөғбөғбөғбөғбөғбөғбөғбөғпҝҪ
sei,imiit oo cГ¶quiih iha.,бһҹ бһҹ бһҹ бһҹ бһҹ бһҹ бһҹ бһҹ бһҹ бһҹ бһҹ бһҹ бһҹ бһҹ бһҹ бһҹ бһҹ бһҹ бһҹ бһҹ бһҹ бһҹ бһҹ бһҹ бһҹ бһҹ бһҹ бһҹ бһҹ бһҹ бһҹ бһҹ бһҹ бһҹ бһҹ бһҹ бһҹ бһҹ бһҹ бһҹ бһҹ бһҹ пҝҪ,z z z z z z z z z z z z z z z z z z z z z z z z z z z z z z z z z z z z z z z z z z z
